{"stats":{"minecraft:mined":{"minecraft:spruce_log":1,"minecraft:stone":1,"treechop:chopped_log":1},"minecraft:crafted":{"minecraft:crafting_table":1,"minecraft:spruce_planks":24,"minecraft:stick":4,"minecraft:wooden_pickaxe":1},"minecraft:picked_up":{"minecraft:spruce_log":6,"minecraft:cobblestone":1},"minecraft:used":{"minecraft:torch":1,"minecraft:crafting_table":1,"minecraft:wooden_pickaxe":1},"minecraft:custom":{"minecraft:time_since_rest":8487,"minecraft:open_chest":1,"minecraft:crouch_one_cm":410,"minecraft:play_time":8487,"minecraft:sprint_one_cm":10310,"minecraft:walk_one_cm":20598,"minecraft:sneak_time":55,"minecraft:jump":47,"minecraft:leave_game":1,"minecraft:time_since_death":8487,"minecraft:total_world_time":8487,"minecraft:interact_with_crafting_table":1,"minecraft:fall_one_cm":418,"minecraft:fly_one_cm":15823}},"DataVersion":3120}