{"stats":{"minecraft:killed":{"minecraft:spider":1},"minecraft:killed_by":{"graveyard:revenant":1,"minecraft:skeleton":1,"minecraft:creeper":1,"born_in_chaos_v1:corpse_fish":1},"minecraft:mined":{"minecraft:spruce_planks":4,"minecraft:fire":4,"minecraft:spruce_log":1,"minecraft:stripped_spruce_log":5,"treechop:chopped_log":1,"minecraft:crafting_table":3,"minecraft:torch":1,"minecraft:granite":2,"minecraft:grass_block":1,"minecraft:coal_ore":13,"minecraft:dirt":9,"minecraft:copper_ore":1,"minecraft:stone":37,"minecraft:sugar_cane":3,"minecraft:wall_torch":1},"minecraft:crafted":{"minecraft:crafting_table":2,"minecraft:spruce_planks":44,"minecraft:stick":12,"minecraft:wooden_pickaxe":1,"minecraft:stone_pickaxe":1,"minecraft:stone_sword":1,"minecraft:furnace":1,"minecraft:stone_axe":1},"minecraft:dropped":{"minecraft:torch":1,"minecraft:raw_copper":5},"minecraft:picked_up":{"minecraft:crafting_table":4,"minecraft:torch":2,"minecraft:stripped_spruce_log":5,"minecraft:spruce_log":6,"minecraft:dirt":30,"minecraft:raw_copper":5,"minecraft:spruce_planks":4,"minecraft:granite":2,"minecraft:cobweb":6,"minecraft:sugar_cane":9,"minecraft:coal":13,"minecraft:snowball":10,"minecraft:cobblestone":36},"minecraft:used":{"minecraft:stone_sword":1,"minecraft:stone_pickaxe":46,"minecraft:spruce_planks":8,"minecraft:wooden_pickaxe":8,"minecraft:torch":3,"minecraft:stone_axe":1,"minecraft:dirt":30,"minecraft:cobblestone":15,"minecraft:crafting_table":5,"minecraft:granite":2,"minecraft:snowball":10},"minecraft:custom":{"minecraft:time_since_rest":9901,"minecraft:interact_with_smithing_table":1,"minecraft:interact_with_furnace":1,"minecraft:sprint_one_cm":47520,"minecraft:damage_taken":1350,"minecraft:walk_one_cm":65392,"minecraft:drop":2,"minecraft:damage_dealt":124,"minecraft:interact_with_crafting_table":6,"minecraft:fly_one_cm":79845,"minecraft:open_chest":3,"minecraft:crouch_one_cm":6382,"minecraft:play_time":42834,"minecraft:deaths":4,"minecraft:sneak_time":2927,"minecraft:walk_under_water_one_cm":57,"minecraft:jump":349,"minecraft:leave_game":3,"minecraft:time_since_death":9865,"minecraft:walk_on_water_one_cm":50,"minecraft:total_world_time":42834,"minecraft:fall_one_cm":9863}},"DataVersion":3120}