{"stats":{"minecraft:killed":{"minecraft:spider":1,"minecraft:polar_bear":1,"difficult_spawners:evil_spirit":3},"minecraft:killed_by":{"minecraft:skeleton":2,"minecraft:creeper":1,"born_in_chaos_v1:corpse_fish":1,"graveyard:revenant":1},"minecraft:mined":{"minecraft:spruce_planks":4,"minecraft:farmland":3,"minecraft:crafting_table":3,"minecraft:torch":4,"minecraft:granite":2,"undead_unleashed:grave_soil":2,"minecraft:grass_block":1,"minecraft:chest":1,"minecraft:lime_stained_glass":1,"minecraft:copper_ore":1,"minecraft:cobblestone":6,"born_in_chaos_v1:chipped_black_argillite_brick":1,"minecraft:sugar_cane":3,"minecraft:diorite":3,"minecraft:wall_torch":2,"minecraft:spawner":3,"minecraft:furnace":1,"minecraft:fire":4,"minecraft:ice":1,"born_in_chaos_v1:black_argillite_brick_stairs":1,"minecraft:spruce_log":2,"minecraft:stripped_spruce_log":5,"treechop:chopped_log":3,"born_in_chaos_v1:black_argillite_brick":1,"minecraft:potatoes":1,"minecraft:coal_ore":28,"minecraft:iron_bars":1,"minecraft:dirt":20,"minecraft:cobweb":12,"minecraft:wither_skeleton_skull":1,"minecraft:stone_bricks":1,"minecraft:stone":62,"minecraft:yellow_stained_glass":1},"minecraft:crafted":{"minecraft:crafting_table":3,"minecraft:spruce_planks":44,"minecraft:wooden_pickaxe":1,"minecraft:baked_potato":3,"minecraft:furnace":1,"minecraft:stone_axe":1,"minecraft:air":0,"minecraft:white_wool":6,"minecraft:stick":12,"minecraft:stone_pickaxe":1,"minecraft:stone_sword":1,"minecraft:white_bed":2},"minecraft:dropped":{"quark:lime_shard":3,"minecraft:baked_potato":1,"born_in_chaos_v1:fire_dust":7,"minecraft:raw_copper":5,"minecraft:wheat":2,"born_in_chaos_v1:black_argillite_button":1,"born_in_chaos_v1:smoked_flesh":1,"minecraft:rotten_flesh":3,"minecraft:wither_skeleton_skull":1,"minecraft:apple":2,"undead_unleashed:grave_metal_scrap":2,"sons_of_sins:rotten_apple":1,"minecraft:torch":1,"born_in_chaos_v1:black_argillite_brick":1,"minecraft:stone_pickaxe":2,"quark:yellow_shard":3,"ftbquests:book":1,"minecraft:bucket":1,"minecraft:spruce_sapling":2},"minecraft:picked_up":{"minecraft:crafting_table":4,"minecraft:potato":4,"born_in_chaos_v1:black_argillite_button":1,"minecraft:wither_skeleton_skull":2,"minecraft:string":12,"minecraft:dirt":47,"minecraft:raw_copper":5,"quark:yellow_shard":3,"minecraft:bone":3,"born_in_chaos_v1:black_argillite_brick":1,"minecraft:stone_bricks":1,"minecraft:gold_nugget":3,"minecraft:spruce_planks":4,"born_in_chaos_v1:chipped_black_argillite_brick":1,"minecraft:cobweb":6,"minecraft:iron_pickaxe":1,"minecraft:sugar_cane":9,"minecraft:furnace":1,"minecraft:egg":1,"minecraft:stick":2,"minecraft:stone_brick_slab":1,"minecraft:torch":6,"undead_unleashed:grave_metal_scrap":2,"minecraft:stripped_spruce_log":5,"minecraft:spruce_sapling":2,"minecraft:diorite":5,"minecraft:spruce_log":21,"born_in_chaos_v1:black_argillite_brick_stairs":1,"sons_of_sins:rotten_apple":1,"minecraft:rotten_flesh":3,"born_in_chaos_v1:fire_dust":7,"minecraft:granite":2,"quark:lime_shard":3,"minecraft:bread":3,"minecraft:iron_bars":1,"minecraft:coal":73,"minecraft:snowball":14,"minecraft:blaze_powder":1,"minecraft:cobblestone":71},"minecraft:used":{"minecraft:diorite":5,"minecraft:iron_bars":1,"minecraft:stone_sword":20,"minecraft:stone_pickaxe":95,"minecraft:baked_potato":3,"minecraft:spruce_planks":8,"minecraft:wooden_pickaxe":8,"born_in_chaos_v1:black_argillite_brick_stairs":1,"minecraft:torch":8,"minecraft:dirt":47,"minecraft:crafting_table":6,"minecraft:carrot":2,"minecraft:white_bed":2,"minecraft:granite":2,"minecraft:snowball":14,"minecraft:stone_brick_slab":1,"born_in_chaos_v1:smoked_flesh":2,"born_in_chaos_v1:chipped_black_argillite_brick":1,"minecraft:apple":1,"minecraft:bread":4,"minecraft:iron_pickaxe":23,"minecraft:stone_bricks":1,"minecraft:stone_axe":20,"minecraft:cobblestone":24,"minecraft:furnace":1,"minecraft:bucket":1,"minecraft:egg":1,"minecraft:potato":1,"minecraft:cobweb":12},"minecraft:custom":{"minecraft:interact_with_smithing_table":1,"minecraft:interact_with_furnace":19,"minecraft:mob_kills":5,"minecraft:interact_with_crafting_table":8,"minecraft:leave_game":4,"minecraft:time_since_death":20163,"minecraft:time_since_rest":20195,"minecraft:sprint_one_cm":105332,"minecraft:damage_taken":1940,"minecraft:walk_one_cm":138153,"minecraft:drop":22,"minecraft:damage_dealt":705,"minecraft:fly_one_cm":173660,"minecraft:open_chest":25,"minecraft:crouch_one_cm":12117,"minecraft:play_time":70312,"minecraft:deaths":5,"minecraft:sneak_time":4999,"minecraft:walk_under_water_one_cm":412,"minecraft:jump":762,"minecraft:walk_on_water_one_cm":426,"minecraft:total_world_time":70312,"minecraft:inspect_dispenser":3,"minecraft:fall_one_cm":21762}},"DataVersion":3120}