{"stats":{"minecraft:killed":{"minecraft:spider":1},"minecraft:killed_by":{"minecraft:skeleton":2,"minecraft:creeper":1,"born_in_chaos_v1:corpse_fish":1,"graveyard:revenant":1},"minecraft:mined":{"minecraft:spruce_planks":4,"minecraft:farmland":3,"minecraft:crafting_table":3,"minecraft:torch":2,"minecraft:granite":2,"minecraft:grass_block":1,"minecraft:chest":1,"minecraft:copper_ore":1,"minecraft:cobblestone":6,"born_in_chaos_v1:chipped_black_argillite_brick":1,"minecraft:sugar_cane":3,"minecraft:diorite":3,"minecraft:wall_torch":1,"minecraft:fire":4,"born_in_chaos_v1:black_argillite_brick_stairs":1,"minecraft:spruce_log":2,"minecraft:stripped_spruce_log":5,"treechop:chopped_log":3,"born_in_chaos_v1:black_argillite_brick":1,"minecraft:potatoes":1,"minecraft:coal_ore":28,"minecraft:dirt":20,"minecraft:stone":59},"minecraft:crafted":{"minecraft:crafting_table":2,"minecraft:spruce_planks":44,"minecraft:wooden_pickaxe":1,"minecraft:furnace":1,"minecraft:stone_axe":1,"minecraft:stick":12,"minecraft:stone_pickaxe":1,"minecraft:stone_sword":1},"minecraft:dropped":{"minecraft:raw_copper":5,"minecraft:rotten_flesh":1,"minecraft:torch":1,"ftbquests:book":1},"minecraft:picked_up":{"minecraft:crafting_table":4,"minecraft:potato":4,"born_in_chaos_v1:black_argillite_button":1,"minecraft:dirt":47,"minecraft:raw_copper":5,"born_in_chaos_v1:black_argillite_brick":1,"minecraft:spruce_planks":4,"born_in_chaos_v1:chipped_black_argillite_brick":1,"minecraft:cobweb":6,"minecraft:iron_pickaxe":1,"minecraft:sugar_cane":9,"minecraft:egg":1,"minecraft:stick":2,"minecraft:torch":3,"minecraft:stripped_spruce_log":5,"minecraft:spruce_sapling":2,"minecraft:diorite":5,"minecraft:spruce_log":21,"born_in_chaos_v1:black_argillite_brick_stairs":1,"minecraft:rotten_flesh":1,"born_in_chaos_v1:fire_dust":7,"minecraft:granite":2,"minecraft:bread":3,"minecraft:coal":37,"minecraft:snowball":14,"minecraft:blaze_powder":1,"minecraft:cobblestone":70},"minecraft:used":{"minecraft:diorite":5,"minecraft:stone_sword":3,"minecraft:stone_pickaxe":95,"minecraft:spruce_planks":8,"minecraft:wooden_pickaxe":8,"born_in_chaos_v1:black_argillite_brick_stairs":1,"minecraft:torch":4,"minecraft:dirt":31,"minecraft:crafting_table":5,"minecraft:granite":2,"minecraft:snowball":10,"minecraft:bread":3,"minecraft:iron_pickaxe":13,"minecraft:stone_axe":16,"minecraft:cobblestone":24,"minecraft:egg":1},"minecraft:custom":{"minecraft:interact_with_smithing_table":1,"minecraft:interact_with_furnace":1,"minecraft:interact_with_crafting_table":6,"minecraft:leave_game":3,"minecraft:time_since_death":4685,"minecraft:time_since_rest":4717,"minecraft:sprint_one_cm":62830,"minecraft:damage_taken":1580,"minecraft:walk_one_cm":81673,"minecraft:drop":4,"minecraft:damage_dealt":195,"minecraft:fly_one_cm":112216,"minecraft:open_chest":3,"minecraft:crouch_one_cm":10281,"minecraft:play_time":54834,"minecraft:deaths":5,"minecraft:sneak_time":4424,"minecraft:walk_under_water_one_cm":412,"minecraft:jump":511,"minecraft:walk_on_water_one_cm":111,"minecraft:total_world_time":54834,"minecraft:fall_one_cm":13477}},"DataVersion":3120}