{"stats":{"minecraft:killed":{"graveyard:revenant":1,"minecraft:spider":5,"minecraft:creeper":1,"minecraft:polar_bear":1,"difficult_spawners:evil_spirit":3},"minecraft:killed_by":{"minecraft:player":2,"minecraft:creeper":1,"minecraft:skeleton":2,"born_in_chaos_v1:corpse_fish":1,"graveyard:revenant":1},"minecraft:mined":{"minecraft:spruce_planks":4,"minecraft:white_bed":3,"minecraft:farmland":3,"minecraft:granite":2,"minecraft:spruce_fence":1,"minecraft:grass_block":5,"minecraft:lime_stained_glass":1,"minecraft:composter":2,"minecraft:spawner":3,"minecraft:furnace":1,"minecraft:fire":4,"minecraft:barrel":3,"born_in_chaos_v1:black_argillite_brick_stairs":1,"minecraft:andesite":1,"minecraft:stripped_spruce_log":7,"treechop:chopped_log":3,"minecraft:mossy_stone_brick_stairs":3,"minecraft:potatoes":1,"minecraft:iron_bars":1,"minecraft:lantern":1,"minecraft:stone":62,"minecraft:spruce_slab":67,"supplementaries:book_pile":1,"minecraft:spruce_door":2,"minecraft:crafting_table":3,"minecraft:torch":4,"undead_unleashed:grave_soil":2,"minecraft:chest":3,"minecraft:copper_ore":1,"minecraft:cobblestone":16,"born_in_chaos_v1:chipped_black_argillite_brick":1,"minecraft:sugar_cane":3,"minecraft:diorite":3,"minecraft:wall_torch":8,"minecraft:spruce_stairs":2,"minecraft:chain":2,"minecraft:dark_oak_slab":3,"quark:spruce_ladder":4,"minecraft:ice":1,"minecraft:spruce_log":5,"born_in_chaos_v1:black_argillite_brick":1,"minecraft:stone_brick_stairs":3,"minecraft:coal_ore":28,"minecraft:dirt":20,"minecraft:cobweb":16,"minecraft:wither_skeleton_skull":1,"minecraft:stone_bricks":1,"minecraft:yellow_stained_glass":1},"minecraft:crafted":{"minecraft:furnace":1,"minecraft:spruce_stairs":8,"minecraft:polished_diorite":4,"minecraft:spruce_slab":6,"minecraft:stone_pickaxe":1,"minecraft:crafting_table":3,"minecraft:spruce_planks":104,"minecraft:wooden_pickaxe":1,"minecraft:baked_potato":3,"minecraft:spruce_door":6,"minecraft:stone_axe":1,"minecraft:air":0,"minecraft:bread":2,"minecraft:white_wool":6,"minecraft:stick":16,"minecraft:stone_sword":2,"minecraft:white_bed":2},"minecraft:dropped":{"minecraft:wheat_seeds":3,"minecraft:baked_potato":1,"minecraft:dark_oak_slab":3,"minecraft:cobblestone":19,"minecraft:apple":2,"minecraft:granite":1,"minecraft:spruce_door":5,"undead_unleashed:grave_metal_scrap":2,"minecraft:spruce_stairs":9,"minecraft:stick":1,"born_in_chaos_v1:monster_flesh":1,"sons_of_sins:rotten_apple":2,"minecraft:diorite":10,"minecraft:torch":2,"minecraft:chain":1,"born_in_chaos_v1:black_argillite_brick":1,"minecraft:iron_pickaxe":1,"quark:spruce_ladder":5,"minecraft:string":12,"quark:yellow_shard":3,"ftbquests:book":1,"minecraft:bucket":1,"minecraft:spruce_sapling":2,"minecraft:bone":2,"quark:lime_shard":3,"minecraft:polished_diorite":3,"minecraft:stone_axe":2,"born_in_chaos_v1:fire_dust":7,"minecraft:stone_sword":2,"minecraft:raw_copper":5,"minecraft:wheat":3,"minecraft:composter":2,"born_in_chaos_v1:black_argillite_button":1,"minecraft:rotten_flesh":4,"minecraft:wither_skeleton_skull":1,"born_in_chaos_v1:smoked_flesh":1,"minecraft:spruce_fence":1,"supplementaries:ash":1,"minecraft:spider_eye":2,"minecraft:spruce_log":3,"minecraft:spruce_slab":14,"minecraft:wooden_pickaxe":1,"minecraft:stone_pickaxe":3},"minecraft:picked_up":{"minecraft:crafting_table":4,"minecraft:wheat":1,"quark:spruce_ladder":6,"minecraft:enchanted_book":1,"minecraft:stone_brick_stairs":3,"minecraft:chain":2,"minecraft:string":26,"minecraft:raw_copper":5,"quark:yellow_shard":3,"born_in_chaos_v1:black_argillite_brick":1,"minecraft:gold_nugget":3,"minecraft:spruce_planks":4,"minecraft:iron_pickaxe":2,"minecraft:spruce_slab":60,"minecraft:sugar_cane":9,"minecraft:chest":2,"minecraft:egg":1,"minecraft:furnace":1,"minecraft:stick":9,"minecraft:composter":2,"minecraft:torch":21,"minecraft:spruce_stairs":2,"minecraft:spruce_fence":3,"tarotcards:the_high_priestess":1,"minecraft:diorite":19,"born_in_chaos_v1:black_argillite_brick_stairs":1,"sons_of_sins:rotten_apple":2,"minecraft:stone_sword":1,"minecraft:rotten_flesh":4,"quark:lime_shard":3,"supplementaries:ash":1,"minecraft:iron_bars":1,"minecraft:snowball":14,"minecraft:blaze_powder":1,"minecraft:cobblestone":81,"minecraft:water_bucket":1,"minecraft:andesite":1,"minecraft:potato":4,"born_in_chaos_v1:black_argillite_button":1,"minecraft:gunpowder":3,"minecraft:wither_skeleton_skull":2,"minecraft:dirt":51,"minecraft:lantern":1,"minecraft:bone":5,"minecraft:stone_bricks":1,"minecraft:wheat_seeds":3,"born_in_chaos_v1:chipped_black_argillite_brick":1,"minecraft:cobweb":6,"minecraft:mossy_stone_brick_stairs":3,"minecraft:dark_oak_slab":3,"minecraft:stone_brick_slab":1,"minecraft:stripped_spruce_log":7,"undead_unleashed:grave_metal_scrap":2,"minecraft:spruce_sapling":2,"minecraft:white_bed":4,"minecraft:spruce_log":24,"minecraft:spider_eye":2,"minecraft:spruce_door":3,"minecraft:barrel":3,"born_in_chaos_v1:fire_dust":7,"minecraft:stone_axe":2,"minecraft:granite":3,"minecraft:bread":3,"minecraft:coal":73},"minecraft:used":{"minecraft:iron_bars":1,"minecraft:stone_sword":41,"minecraft:spruce_slab":80,"minecraft:chest":1,"minecraft:spruce_planks":52,"minecraft:torch":22,"minecraft:dirt":51,"minecraft:spruce_stairs":1,"minecraft:carrot":4,"minecraft:spruce_fence":2,"minecraft:snowball":14,"minecraft:granite":2,"minecraft:stripped_spruce_log":2,"minecraft:polished_diorite":1,"minecraft:stone_brick_slab":1,"born_in_chaos_v1:smoked_flesh":2,"born_in_chaos_v1:chipped_black_argillite_brick":1,"minecraft:lantern":1,"minecraft:barrel":3,"minecraft:stone_brick_stairs":3,"minecraft:stone_bricks":1,"minecraft:furnace":2,"minecraft:egg":1,"minecraft:potato":1,"minecraft:water_bucket":2,"minecraft:diorite":5,"minecraft:spruce_door":4,"minecraft:stone_pickaxe":95,"minecraft:baked_potato":3,"minecraft:wooden_pickaxe":8,"minecraft:mossy_stone_brick_stairs":3,"born_in_chaos_v1:black_argillite_brick_stairs":1,"minecraft:crafting_table":7,"minecraft:white_bed":4,"minecraft:apple":1,"minecraft:bread":6,"minecraft:iron_pickaxe":43,"minecraft:stone_axe":102,"minecraft:enchanted_book":1,"minecraft:cobblestone":44,"minecraft:andesite":1,"minecraft:bucket":3,"minecraft:chain":1,"minecraft:cobweb":12},"minecraft:custom":{"minecraft:interact_with_smithing_table":1,"minecraft:mob_kills":11,"minecraft:interact_with_crafting_table":18,"minecraft:leave_game":4,"minecraft:time_since_death":6910,"minecraft:climb_one_cm":19295,"minecraft:sprint_one_cm":133669,"minecraft:walk_one_cm":236617,"minecraft:drop":56,"minecraft:play_time":102739,"minecraft:deaths":7,"minecraft:sneak_time":9957,"minecraft:walk_under_water_one_cm":412,"minecraft:jump":965,"minecraft:walk_on_water_one_cm":476,"minecraft:total_world_time":102739,"minecraft:interact_with_furnace":23,"minecraft:time_since_rest":6941,"minecraft:damage_taken":2460,"minecraft:damage_dealt":1482,"minecraft:fly_one_cm":193424,"minecraft:open_chest":78,"minecraft:crouch_one_cm":26241,"minecraft:fall_one_cm":26655,"minecraft:inspect_dispenser":3},"minecraft:broken":{"minecraft:stone_axe":1}},"DataVersion":3120}