{"stats":{"minecraft:killed":{"graveyard:revenant":1,"minecraft:spider":5,"minecraft:skeleton":1,"spore:inf_player":1,"minecraft:creeper":4,"minecraft:polar_bear":2,"difficult_spawners:evil_spirit":3},"minecraft:killed_by":{"minecraft:player":2,"minecraft:creeper":1,"minecraft:skeleton":2,"born_in_chaos_v1:corpse_fish":1,"graveyard:revenant":1},"minecraft:mined":{"minecraft:spruce_planks":6,"minecraft:white_bed":3,"minecraft:farmland":3,"minecraft:spruce_trapdoor":2,"minecraft:nether_bricks":1,"minecraft:granite":2,"minecraft:stone_brick_wall":1,"minecraft:spruce_fence":1,"minecraft:grass_block":5,"minecraft:lime_stained_glass":1,"minecraft:composter":2,"minecraft:spawner":3,"minecraft:furnace":1,"minecraft:fire":4,"minecraft:barrel":3,"born_in_chaos_v1:black_argillite_brick_stairs":1,"minecraft:andesite":1,"minecraft:stripped_spruce_log":8,"treechop:chopped_log":3,"minecraft:gold_block":5,"minecraft:mossy_stone_brick_stairs":3,"minecraft:potatoes":1,"minecraft:vine":2,"minecraft:iron_bars":2,"minecraft:lantern":1,"minecraft:stone":68,"minecraft:spruce_slab":69,"spore:lab_block":2,"supplementaries:book_pile":1,"minecraft:spruce_door":2,"minecraft:crafting_table":3,"minecraft:torch":4,"undead_unleashed:grave_soil":2,"minecraft:polished_andesite_stairs":1,"minecraft:chest":3,"minecraft:copper_ore":1,"minecraft:cobblestone":16,"born_in_chaos_v1:chipped_black_argillite_brick":1,"minecraft:sugar_cane":4,"minecraft:diorite":3,"minecraft:wall_torch":8,"minecraft:spruce_stairs":3,"minecraft:chain":2,"minecraft:dark_oak_slab":3,"quark:spruce_ladder":4,"minecraft:ice":1,"minecraft:spruce_log":5,"born_in_chaos_v1:black_argillite_brick":1,"minecraft:stone_brick_stairs":3,"minecraft:coal_ore":28,"minecraft:dirt":20,"minecraft:cobweb":16,"minecraft:wither_skeleton_skull":1,"minecraft:stone_bricks":2,"minecraft:yellow_stained_glass":1,"spore:remains":1},"minecraft:crafted":{"minecraft:furnace":1,"minecraft:spruce_stairs":8,"minecraft:polished_diorite":4,"minecraft:spruce_slab":60,"minecraft:stone_pickaxe":1,"minecraft:crafting_table":3,"minecraft:spruce_planks":104,"minecraft:wooden_pickaxe":1,"minecraft:baked_potato":3,"minecraft:spruce_door":6,"minecraft:stone_axe":1,"minecraft:air":0,"minecraft:bread":2,"minecraft:white_wool":6,"minecraft:shield":1,"minecraft:stick":16,"minecraft:stone_sword":2,"minecraft:white_bed":2},"minecraft:dropped":{"minecraft:iron_sword":1,"minecraft:birch_planks":1,"minecraft:wheat_seeds":3,"minecraft:baked_potato":1,"minecraft:dark_oak_slab":3,"minecraft:cobblestone":19,"minecraft:apple":2,"minecraft:granite":1,"minecraft:spruce_door":5,"undead_unleashed:grave_metal_scrap":4,"minecraft:spruce_stairs":9,"minecraft:stick":1,"born_in_chaos_v1:monster_flesh":1,"sons_of_sins:rotten_apple":2,"minecraft:diorite":10,"minecraft:torch":2,"minecraft:snowball":15,"minecraft:chain":1,"born_in_chaos_v1:black_argillite_brick":1,"minecraft:iron_pickaxe":1,"quark:spruce_ladder":5,"minecraft:string":12,"quark:yellow_shard":3,"ftbquests:book":1,"minecraft:bucket":1,"minecraft:spruce_sapling":2,"minecraft:bone":2,"quark:lime_shard":3,"minecraft:polished_diorite":3,"minecraft:stone_axe":2,"born_in_chaos_v1:fire_dust":7,"minecraft:stone_sword":5,"minecraft:raw_copper":5,"minecraft:wheat":3,"minecraft:composter":2,"born_in_chaos_v1:black_argillite_button":1,"minecraft:rotten_flesh":5,"minecraft:wither_skeleton_skull":1,"born_in_chaos_v1:smoked_flesh":1,"immersiveengineering:raw_aluminum":1,"spore:mutated_fiber":2,"minecraft:spruce_fence":1,"minecraft:filled_map":1,"supplementaries:ash":1,"minecraft:jungle_stairs":1,"minecraft:golden_leggings":2,"minecraft:spider_eye":4,"minecraft:spruce_log":3,"minecraft:spruce_slab":14,"minecraft:bow":1,"minecraft:wooden_pickaxe":1,"minecraft:stone_pickaxe":3},"minecraft:picked_up":{"spore:lab_block":2,"minecraft:crafting_table":4,"minecraft:wheat":1,"quark:spruce_ladder":6,"minecraft:gold_block":5,"minecraft:stone_brick_wall":1,"minecraft:enchanted_book":2,"minecraft:stone_brick_stairs":3,"minecraft:chain":2,"minecraft:string":27,"minecraft:raw_copper":5,"quark:yellow_shard":3,"born_in_chaos_v1:black_argillite_brick":1,"minecraft:gold_nugget":3,"minecraft:spruce_planks":66,"minecraft:iron_pickaxe":2,"minecraft:spruce_slab":64,"minecraft:sugar_cane":13,"minecraft:chest":2,"minecraft:spruce_trapdoor":1,"minecraft:egg":1,"minecraft:furnace":1,"minecraft:stick":9,"minecraft:composter":2,"minecraft:torch":21,"minecraft:spruce_stairs":3,"minecraft:spruce_fence":3,"tarotcards:the_high_priestess":1,"minecraft:diorite":19,"born_in_chaos_v1:black_argillite_brick_stairs":1,"sons_of_sins:rotten_apple":2,"minecraft:stone_sword":2,"minecraft:rotten_flesh":5,"minecraft:jungle_stairs":1,"quark:lime_shard":3,"supplementaries:ash":1,"minecraft:iron_bars":2,"minecraft:snowball":29,"minecraft:blaze_powder":1,"minecraft:cobblestone":87,"minecraft:salmon":1,"minecraft:water_bucket":1,"minecraft:andesite":1,"minecraft:golden_leggings":1,"minecraft:potato":4,"minecraft:birch_planks":1,"born_in_chaos_v1:black_argillite_button":1,"minecraft:gunpowder":5,"minecraft:wither_skeleton_skull":2,"minecraft:map":1,"minecraft:dirt":64,"minecraft:lantern":1,"minecraft:bone":5,"minecraft:stone_bricks":2,"minecraft:bow":2,"minecraft:wheat_seeds":3,"born_in_chaos_v1:chipped_black_argillite_brick":1,"minecraft:cobweb":6,"spore:mutated_fiber":2,"minecraft:iron_sword":1,"minecraft:mossy_stone_brick_stairs":3,"minecraft:polished_andesite_stairs":1,"minecraft:dark_oak_slab":3,"minecraft:stone_brick_slab":1,"immersiveengineering:raw_aluminum":1,"minecraft:stripped_spruce_log":9,"undead_unleashed:grave_metal_scrap":4,"minecraft:spruce_sapling":2,"minecraft:white_bed":4,"minecraft:spruce_log":24,"minecraft:spider_eye":4,"minecraft:spruce_door":3,"minecraft:barrel":3,"born_in_chaos_v1:fire_dust":7,"minecraft:stone_axe":2,"minecraft:granite":3,"minecraft:bread":9,"minecraft:coal":73},"minecraft:used":{"minecraft:iron_bars":2,"minecraft:stone_sword":41,"minecraft:spruce_slab":122,"minecraft:chest":2,"minecraft:spruce_planks":52,"minecraft:shield":1,"minecraft:iron_sword":18,"spore:lab_block":2,"minecraft:torch":22,"minecraft:dirt":64,"minecraft:spyglass":11,"minecraft:spruce_stairs":2,"minecraft:carrot":4,"minecraft:spruce_fence":2,"minecraft:snowball":14,"minecraft:granite":2,"minecraft:stripped_spruce_log":4,"minecraft:polished_diorite":1,"minecraft:stone_brick_slab":1,"born_in_chaos_v1:smoked_flesh":2,"born_in_chaos_v1:chipped_black_argillite_brick":1,"minecraft:lantern":1,"minecraft:polished_andesite_stairs":1,"minecraft:barrel":3,"minecraft:stone_brick_stairs":3,"minecraft:stone_bricks":2,"minecraft:furnace":2,"minecraft:egg":1,"minecraft:potato":1,"minecraft:water_bucket":10,"minecraft:diorite":5,"minecraft:spruce_door":4,"minecraft:stone_pickaxe":95,"minecraft:baked_potato":3,"minecraft:wooden_pickaxe":8,"minecraft:mossy_stone_brick_stairs":3,"born_in_chaos_v1:black_argillite_brick_stairs":1,"minecraft:golden_apple":1,"minecraft:crafting_table":7,"minecraft:white_bed":4,"minecraft:stone_brick_wall":1,"minecraft:cake":1,"minecraft:apple":1,"minecraft:bread":12,"minecraft:map":1,"minecraft:iron_pickaxe":62,"minecraft:spruce_trapdoor":1,"minecraft:stone_axe":110,"minecraft:enchanted_book":1,"minecraft:cobblestone":50,"quark:spruce_ladder":1,"minecraft:andesite":1,"minecraft:bucket":11,"minecraft:chain":1,"minecraft:cobweb":12},"minecraft:custom":{"minecraft:interact_with_smithing_table":1,"minecraft:mob_kills":18,"minecraft:interact_with_crafting_table":21,"minecraft:bell_ring":1,"minecraft:eat_cake_slice":3,"minecraft:leave_game":4,"minecraft:time_since_death":30910,"minecraft:climb_one_cm":22238,"minecraft:sprint_one_cm":203921,"minecraft:walk_one_cm":301766,"minecraft:damage_blocked_by_shield":60,"minecraft:drop":72,"minecraft:play_time":126739,"minecraft:deaths":7,"minecraft:sneak_time":12879,"minecraft:walk_under_water_one_cm":2563,"minecraft:jump":1498,"minecraft:walk_on_water_one_cm":5772,"minecraft:total_world_time":126739,"minecraft:interact_with_furnace":23,"minecraft:time_since_rest":30941,"minecraft:damage_taken":2685,"minecraft:damage_dealt":2689,"minecraft:swim_one_cm":983,"minecraft:fly_one_cm":354264,"minecraft:open_chest":94,"minecraft:crouch_one_cm":33281,"minecraft:fall_one_cm":32629,"minecraft:inspect_dispenser":3},"minecraft:broken":{"minecraft:stone_axe":1}},"DataVersion":3120}