{"stats":{"minecraft:custom":{"minecraft:animals_bred":1,"minecraft:interact_with_crafting_table":33,"minecraft:open_barrel":9,"minecraft:bell_ring":1,"minecraft:eat_cake_slice":7,"minecraft:leave_game":8,"minecraft:time_since_death":104597,"minecraft:sprint_one_cm":533723,"minecraft:damage_blocked_by_shield":2135,"minecraft:drop":232,"minecraft:play_time":300980,"minecraft:deaths":12,"minecraft:jump":3408,"minecraft:walk_on_water_one_cm":27968,"minecraft:interact_with_furnace":35,"minecraft:interact_with_cartography_table":1,"minecraft:damage_dealt":21875,"minecraft:player_kills":1,"minecraft:crouch_one_cm":48663,"minecraft:use_cauldron":1,"minecraft:inspect_dispenser":3,"minecraft:interact_with_smithing_table":8,"minecraft:interact_with_anvil":6,"minecraft:mob_kills":177,"minecraft:fill_cauldron":2,"minecraft:damage_dealt_resisted":10,"minecraft:climb_one_cm":33071,"minecraft:walk_one_cm":729029,"minecraft:sneak_time":21777,"minecraft:walk_under_water_one_cm":16357,"minecraft:total_world_time":300980,"minecraft:time_since_rest":104627,"minecraft:damage_taken":6716,"minecraft:damage_absorbed":40,"minecraft:swim_one_cm":19777,"minecraft:fly_one_cm":627465,"minecraft:open_chest":171,"minecraft:fall_one_cm":76914},"minecraft:picked_up":{"minecraft:wheat":1,"butchersdelightfoods:legcow":4,"minecraft:smithing_table":1,"quark:spruce_ladder":6,"minecraft:enchanted_book":7,"hexerei:herb_drying_rack_full":3,"minecraft:stone_brick_stairs":7,"minecraft:string":44,"minecraft:raw_copper":5,"butchersdelight:cleaver":2,"minecraft:gold_nugget":3,"minecraft:spruce_planks":81,"undead_unleashed:grave_metal_sword":1,"minecraft:iron_pickaxe":2,"minecraft:furnace":2,"minecraft:golden_helmet":1,"minecraft:stick":16,"minecraft:composter":2,"minecraft:torch":47,"travelersbackpack:iron_tier_upgrade":1,"minecraft:spruce_stairs":3,"minecraft:porkchop":4,"tarotcards:the_high_priestess":1,"minecraft:diorite":19,"born_in_chaos_v1:black_argillite_brick_stairs":1,"travelersbackpack:iron":1,"minecraft:stone_sword":3,"quark:clear_shard":29,"minecraft:rotten_flesh":104,"butchersdelightfoods:ham":2,"minecraft:iron_block":1,"supplementaries:ash":2,"minecraft:iron_bars":3,"minecraft:snowball":29,"minecraft:blaze_powder":1,"minecraft:cobblestone":276,"minecraft:enchanting_table":1,"minecraft:leather_chestplate":1,"butchersdelightfoods:beeftenderloin":2,"minecraft:feather":2,"minecraft:cooked_beef":2,"minecraft:water_bucket":1,"minecraft:andesite":4,"minecraft:golden_leggings":2,"minecraft:potato":4,"butchersdelight:deadpig":8,"born_in_chaos_v1:black_argillite_button":1,"minecraft:lantern":1,"minecraft:wither_skeleton_skull":2,"travelersbackpack:gold_tier_upgrade":1,"minecraft:map":1,"minecraft:lapis_lazuli":1,"minecraft:dirt":65,"minecraft:bone":27,"minecraft:glass":22,"minecraft:chipped_anvil":4,"minecraft:bow":2,"minecraft:wheat_seeds":4,"minecraft:mossy_stone_bricks":7,"minecraft:diamond_helmet":1,"minecraft:oak_planks":5,"minecraft:mossy_stone_brick_stairs":5,"hexerei:animal_fat":14,"minecraft:cooked_porkchop":2,"hexerei:candle":4,"butchersdelight:cow_hide":12,"butchersdelightfoods:porkloin":4,"immersiveengineering:raw_aluminum":1,"minecraft:stripped_spruce_log":9,"minecraft:barrel":3,"minecraft:mossy_cobblestone":1,"minecraft:sugar":2,"born_in_chaos_v1:fire_dust":7,"minecraft:granite":4,"minecraft:bread":9,"minecraft:bricks":2,"spore:lab_block":2,"minecraft:crafting_table":6,"minecraft:chicken":2,"minecraft:leather_leggings":2,"minecraft:stone_brick_wall":1,"minecraft:gold_block":11,"minecraft:chain":3,"minecraft:shield":2,"aether:leather_gloves":1,"minecraft:flint_and_steel":1,"quark:yellow_shard":3,"born_in_chaos_v1:black_argillite_brick":1,"butchersdelightfoods:cookedporkribs":1,"butchersdelight:dead_cow":21,"graveyard:corruption":2,"minecraft:cracked_stone_bricks":1,"graveyard:gravestone":1,"minecraft:beef":4,"minecraft:iron_nugget":2,"minecraft:spruce_slab":64,"minecraft:sugar_cane":13,"minecraft:chest":4,"butchersdelightfoods:porkribs":1,"minecraft:spruce_trapdoor":1,"minecraft:egg":1,"cotw:witherstone":1,"hexerei:stripped_mahogany_wood":4,"minecraft:spruce_fence":3,"minecraft:redstone":3,"minecraft:dark_oak_planks":2,"sons_of_sins:rotten_apple":2,"hexerei:sage_seed":1,"butchersdelight:deadsheep":2,"minecraft:arrow":21,"minecraft:weeping_vines":4,"minecraft:jungle_stairs":1,"minecraft:shears":1,"minecraft:hay_block":2,"butchersdelightfoods:sheeprack":2,"quark:lime_shard":3,"minecraft:skeleton_skull":1,"minecraft:rail":2,"born_in_chaos_v1:corpse_maggot":2,"regions_unexplored:peat_dirt":2,"minecraft:salmon":1,"minecraft:birch_planks":1,"minecraft:oak_log":1,"minecraft:chainmail_chestplate":1,"hexerei:book_of_shadows_altar":1,"minecraft:gunpowder":13,"hexerei:witch_helmet":1,"minecraft:paper":1,"minecraft:white_banner":1,"butchersdelight:deadchiken":2,"minecraft:cooked_mutton":2,"minecraft:red_carpet":19,"hexerei:willow_stairs":1,"minecraft:stone_bricks":24,"hexerei:pestle_and_mortar":1,"minecraft:iron_ingot":4,"minecraft:cooked_chicken":4,"born_in_chaos_v1:chipped_black_argillite_brick":1,"minecraft:cobweb":6,"spore:mutated_fiber":2,"minecraft:glass_bottle":6,"minecraft:iron_sword":1,"minecraft:dark_oak_stairs":2,"minecraft:book":3,"minecraft:polished_andesite_stairs":1,"minecraft:dark_oak_slab":6,"minecraft:stone_brick_slab":1,"minecraft:red_wool":3,"minecraft:spyglass":1,"minecraft:spruce_sapling":4,"undead_unleashed:grave_metal_scrap":24,"minecraft:red_banner":1,"minecraft:white_bed":4,"minecraft:spruce_log":24,"minecraft:spruce_door":3,"minecraft:spider_eye":12,"minecraft:leather_helmet":3,"travelersbackpack:standard":1,"butchersdelight:sheephide":2,"hexerei:willow_vines":1,"immersiveengineering:seed":1,"minecraft:stone_axe":8,"undead_unleashed:grave_metal_axe":1,"minecraft:damaged_anvil":5,"minecraft:coal":108},"minecraft:broken":{"minecraft:stone_axe":1,"minecraft:flint_and_steel":1,"minecraft:iron_pickaxe":1},"minecraft:crafted":{"minecraft:oak_planks":4,"travelersbackpack:iron":4,"butchersdelightfoods:cooked_ham":1,"hexerei:mahogany_planks":12,"minecraft:glass":7,"minecraft:iron_boots":1,"minecraft:crafting_table":4,"minecraft:spruce_planks":104,"travelersbackpack:standard":1,"minecraft:wooden_pickaxe":1,"minecraft:baked_potato":3,"minecraft:spruce_door":6,"minecraft:smithing_table":1,"minecraft:gold_block":3,"minecraft:emerald_block":1,"minecraft:shield":3,"minecraft:stick":44,"minecraft:iron_ingot":27,"minecraft:iron_pickaxe":1,"minecraft:stone_sword":2,"minecraft:gold_ingot":45,"minecraft:shears":1,"minecraft:furnace":1,"minecraft:spruce_stairs":8,"minecraft:polished_diorite":4,"minecraft:spruce_slab":60,"minecraft:stone_pickaxe":1,"minecraft:wheat":9,"minecraft:cooked_salmon":1,"minecraft:stone_axe":1,"minecraft:bread":2,"minecraft:air":0,"minecraft:white_wool":6,"minecraft:white_bed":2,"minecraft:torch":76},"minecraft:killed_by":{"minecraft:creeper":3,"minecraft:zombie":2,"graveyard:revenant":1,"minecraft:player":2,"minecraft:skeleton":3,"born_in_chaos_v1:corpse_fish":1},"minecraft:killed":{"graveyard:skeleton_creeper":2,"minecraft:witch":5,"minecraft:spider":19,"minecraft:skeleton":27,"minecraft:silverfish":1,"minecraft:pig":7,"spore:inf_player":1,"minecraft:creeper":11,"born_in_chaos_v1:zombie_fisherman":1,"minecraft:zombie":37,"undead_unleashed:haunter":2,"minecraft:cow":11,"graveyard:revenant":1,"born_in_chaos_v1:maggot":2,"graveyard:ghoul":4,"minecraft:polar_bear":2,"difficult_spawners:evil_spirit":26,"cotw:harvester":1},"minecraft:used":{"minecraft:spruce_slab":122,"minecraft:chest":3,"minecraft:shield":46,"minecraft:iron_sword":102,"spore:lab_block":2,"minecraft:carrot":10,"undead_unleashed:grave_metal_axe":7,"butchersdelightfoods:porkloin":2,"travelersbackpack:iron":9,"minecraft:snowball":14,"minecraft:stripped_spruce_log":4,"minecraft:glass":9,"born_in_chaos_v1:smoked_flesh":2,"minecraft:lava_bucket":24,"minecraft:bricks":2,"minecraft:lantern":1,"minecraft:polished_andesite_stairs":1,"minecraft:dark_oak_slab":3,"minecraft:stone_brick_stairs":4,"minecraft:stone_bricks":19,"minecraft:bow":46,"minecraft:furnace":3,"minecraft:skeleton_skull":1,"minecraft:egg":1,"minecraft:potato":1,"butchersdelightfoods:cookedporkribs":1,"minecraft:dark_oak_stairs":1,"minecraft:mossy_stone_bricks":6,"minecraft:diorite":5,"minecraft:damaged_anvil":4,"hexerei:pestle_and_mortar":1,"minecraft:spruce_door":4,"minecraft:stone_pickaxe":95,"minecraft:oak_planks":5,"minecraft:wooden_pickaxe":8,"minecraft:mossy_stone_brick_stairs":3,"minecraft:golden_apple":3,"hexerei:mahogany_planks":7,"minecraft:stone_brick_wall":1,"butchersdelightfoods:legcow":1,"minecraft:bread":12,"minecraft:string":4,"graveyard:gravestone":1,"hexerei:candle":4,"butchersdelightfoods:cooked_ham":1,"minecraft:diamond_sword":209,"minecraft:smithing_table":2,"minecraft:cooked_rabbit":1,"minecraft:andesite":4,"minecraft:chain":1,"minecraft:cobweb":12,"minecraft:experience_bottle":9,"butchersdelightfoods:ham":1,"minecraft:iron_bars":3,"minecraft:stone_sword":41,"minecraft:enchanting_table":1,"minecraft:flint_and_steel":65,"minecraft:redstone":3,"minecraft:spruce_planks":53,"hexerei:stripped_mahogany_wood":1,"minecraft:cooked_chicken":7,"minecraft:torch":65,"minecraft:dirt":65,"minecraft:spyglass":44,"minecraft:chainmail_chestplate":1,"minecraft:spruce_stairs":2,"minecraft:diamond_helmet":1,"minecraft:granite":2,"minecraft:spruce_fence":2,"minecraft:polished_diorite":1,"minecraft:stone_brick_slab":1,"minecraft:dark_oak_planks":1,"born_in_chaos_v1:chipped_black_argillite_brick":1,"minecraft:chipped_anvil":1,"butchersdelightfoods:sheeprack":2,"minecraft:iron_boots":1,"minecraft:barrel":3,"minecraft:golden_carrot":3,"minecraft:cooked_beef":9,"hexerei:book_of_shadows_altar":1,"minecraft:water_bucket":14,"minecraft:baked_potato":6,"born_in_chaos_v1:black_argillite_brick_stairs":1,"minecraft:crafting_table":8,"minecraft:white_bed":4,"minecraft:cake":2,"minecraft:apple":9,"minecraft:iron_pickaxe":272,"minecraft:map":1,"minecraft:spruce_trapdoor":1,"minecraft:stone_axe":129,"minecraft:enchanted_book":5,"minecraft:cobblestone":273,"travelersbackpack:standard":1,"minecraft:porkchop":1,"quark:spruce_ladder":1,"minecraft:bucket":40,"minecraft:red_banner":1},"minecraft:mined":{"minecraft:dark_oak_planks":2,"minecraft:white_bed":3,"minecraft:spruce_planks":7,"minecraft:farmland":3,"hexerei:herb_drying_rack_full":2,"minecraft:spruce_trapdoor":2,"minecraft:granite":3,"minecraft:stone_brick_wall":1,"minecraft:grass_block":6,"minecraft:lime_stained_glass":1,"travelersbackpack:iron":1,"minecraft:composter":2,"minecraft:spawner":11,"minecraft:weeping_vines_plant":4,"minecraft:fire":9,"minecraft:barrel":3,"born_in_chaos_v1:black_argillite_brick_stairs":1,"minecraft:enchanting_table":1,"butchersdelight:deadcowblockskinned":1,"minecraft:water_cauldron":1,"minecraft:oak_stairs":1,"minecraft:iron_bars":4,"minecraft:iron_block":1,"minecraft:spruce_slab":69,"minecraft:tripwire":1,"supplementaries:book_pile":4,"minecraft:torch":4,"hexerei:book_of_shadows_altar":1,"undead_unleashed:grave_soil":2,"minecraft:polished_andesite_stairs":1,"minecraft:chest":4,"minecraft:glass":9,"minecraft:cobblestone":44,"minecraft:bricks":2,"minecraft:oak_planks":1,"minecraft:sugar_cane":4,"minecraft:damaged_anvil":5,"graveyard:gravestone":1,"minecraft:wall_torch":10,"minecraft:cauldron":1,"minecraft:chain":2,"minecraft:dark_oak_slab":9,"born_in_chaos_v1:black_argillite_brick":1,"minecraft:stone_brick_stairs":7,"minecraft:grass":5,"regions_unexplored:peat_dirt":1,"minecraft:dirt":20,"minecraft:wither_skeleton_skull":1,"minecraft:yellow_stained_glass":1,"minecraft:oak_leaves":1,"spore:remains":1,"minecraft:mossy_cobblestone":1,"minecraft:gray_stained_glass_pane":2,"minecraft:nether_bricks":1,"minecraft:spruce_fence":1,"minecraft:spruce_leaves":24,"minecraft:infested_chiseled_stone_bricks":1,"minecraft:hay_block":2,"minecraft:furnace":3,"minecraft:andesite":2,"minecraft:stripped_spruce_log":8,"treechop:chopped_log":3,"regions_unexplored:larch_leaves":1,"minecraft:gold_block":11,"minecraft:mossy_stone_brick_stairs":3,"minecraft:potatoes":1,"minecraft:vine":2,"minecraft:lantern":1,"minecraft:stone":167,"spore:lab_block":2,"minecraft:smithing_table":1,"minecraft:infested_stone_bricks":3,"minecraft:spruce_door":2,"travelersbackpack:standard":1,"minecraft:crafting_table":5,"minecraft:copper_ore":1,"minecraft:tall_grass":1,"born_in_chaos_v1:chipped_black_argillite_brick":1,"butchersdelight:deadchickenblock":2,"minecraft:diorite":3,"minecraft:spruce_stairs":3,"butchersdelight:deadcowblock":6,"quark:spruce_ladder":4,"minecraft:ice":1,"minecraft:spruce_log":5,"minecraft:white_wall_banner":1,"minecraft:coal_ore":31,"hexerei:stripped_mahogany_wood":4,"hexerei:willow_stairs":1,"minecraft:cobweb":21,"minecraft:cracked_stone_bricks":1,"minecraft:polished_andesite":1,"minecraft:stone_bricks":25,"minecraft:mossy_stone_bricks":8,"minecraft:chipped_anvil":4},"minecraft:dropped":{"minecraft:iron_sword":2,"minecraft:birch_planks":1,"minecraft:porkchop":1,"butchersdelight:dead_cow":1,"minecraft:dark_oak_stairs":1,"minecraft:baked_potato":1,"minecraft:glass_bottle":6,"hexerei:willow_stairs":1,"minecraft:dark_oak_slab":3,"minecraft:weeping_vines":4,"minecraft:mossy_stone_brick_stairs":2,"minecraft:cracked_stone_bricks":1,"undead_unleashed:grave_metal_scrap":24,"hexerei:herb_drying_rack_full":3,"graveyard:corruption":2,"minecraft:leather_helmet":2,"minecraft:red_carpet":12,"minecraft:gold_block":1,"born_in_chaos_v1:monster_flesh":1,"butchersdelightfoods:legcow":1,"minecraft:snowball":15,"minecraft:chain":1,"born_in_chaos_v1:black_argillite_brick":1,"minecraft:sugar":2,"minecraft:iron_pickaxe":1,"minecraft:dark_oak_planks":1,"ftbquests:book":1,"minecraft:bone":21,"minecraft:gold_ingot":22,"butchersdelight:cow_hide":5,"minecraft:stone_axe":8,"minecraft:spyglass":1,"born_in_chaos_v1:fire_dust":7,"butchersdelight:cleaver":1,"minecraft:wheat":12,"minecraft:obsidian":4,"minecraft:rotten_flesh":101,"born_in_chaos_v1:smoked_flesh":1,"aether:leather_gloves":1,"immersiveengineering:raw_aluminum":1,"minecraft:cooked_mutton":4,"minecraft:chainmail_chestplate":2,"minecraft:leather_chestplate":1,"regions_unexplored:peat_dirt":2,"supplementaries:ash":2,"butchersdelightfoods:cookedporkribs":2,"minecraft:gunpowder":8,"butchersdelightfoods:beeftenderloin":1,"minecraft:jungle_stairs":1,"born_in_chaos_v1:corpse_maggot":2,"minecraft:spruce_slab":31,"minecraft:arrow":5,"minecraft:glass":18,"minecraft:stone_brick_stairs":2,"immersiveengineering:seed":1,"minecraft:enchanted_book":1,"minecraft:bread":1,"minecraft:iron_ingot":30,"butchersdelightfoods:porkloin":2,"minecraft:wheat_seeds":4,"minecraft:golden_helmet":1,"butchersdelight:sheephide":2,"minecraft:iron_helmet":1,"minecraft:feather":8,"minecraft:cobblestone":39,"minecraft:apple":2,"minecraft:granite":2,"minecraft:spruce_door":5,"minecraft:spruce_stairs":9,"minecraft:coal":12,"minecraft:stick":7,"minecraft:iron_block":1,"quark:clear_shard":1,"sons_of_sins:rotten_apple":2,"minecraft:diorite":10,"minecraft:torch":3,"minecraft:diamond_helmet":2,"quark:spruce_ladder":5,"minecraft:paper":2,"minecraft:string":19,"quark:yellow_shard":3,"minecraft:bucket":1,"minecraft:spruce_sapling":4,"quark:lime_shard":3,"minecraft:polished_diorite":3,"tarotcards:the_high_priestess":1,"hexerei:animal_fat":14,"hexerei:sage_seed":1,"hexerei:willow_vines":1,"minecraft:stone_sword":6,"minecraft:raw_copper":5,"hexerei:mahogany_planks":5,"minecraft:composter":2,"minecraft:chicken":2,"born_in_chaos_v1:black_argillite_button":1,"minecraft:wither_skeleton_skull":1,"spore:mutated_fiber":2,"undead_unleashed:grave_metal_sword":1,"minecraft:spruce_fence":1,"minecraft:shears":2,"minecraft:suspicious_stew":1,"minecraft:filled_map":1,"minecraft:shield":1,"minecraft:spruce_planks":2,"minecraft:mossy_stone_bricks":1,"minecraft:golden_leggings":3,"minecraft:spider_eye":6,"minecraft:stone_bricks":1,"minecraft:spruce_log":3,"minecraft:bow":2,"minecraft:stone_pickaxe":3,"minecraft:wooden_pickaxe":1}},"DataVersion":3120}