{"stats":{"minecraft:killed_by":{"minecraft:skeleton":1},"minecraft:mined":{"minecraft:stripped_spruce_log":5,"minecraft:spruce_log":1,"minecraft:stone":1,"minecraft:sugar_cane":3,"treechop:chopped_log":1},"minecraft:crafted":{"minecraft:crafting_table":2,"minecraft:spruce_planks":44,"minecraft:stick":4,"minecraft:wooden_pickaxe":1},"minecraft:picked_up":{"minecraft:stripped_spruce_log":5,"minecraft:spruce_log":6,"minecraft:sugar_cane":9,"minecraft:snowball":4,"minecraft:dirt":19,"minecraft:cobblestone":1},"minecraft:used":{"minecraft:torch":1,"minecraft:dirt":19,"minecraft:crafting_table":2,"minecraft:spruce_planks":2,"minecraft:wooden_pickaxe":2},"minecraft:custom":{"minecraft:time_since_rest":6852,"minecraft:open_chest":1,"minecraft:interact_with_smithing_table":1,"minecraft:crouch_one_cm":878,"minecraft:deaths":1,"minecraft:sprint_one_cm":29955,"minecraft:play_time":19008,"minecraft:damage_taken":415,"minecraft:walk_one_cm":30848,"minecraft:sneak_time":350,"minecraft:jump":196,"minecraft:damage_dealt":7,"minecraft:leave_game":1,"minecraft:time_since_death":6823,"minecraft:total_world_time":19008,"minecraft:interact_with_crafting_table":3,"minecraft:fall_one_cm":5144,"minecraft:fly_one_cm":51689}},"DataVersion":3120}