{"stats":{"minecraft:killed":{"graveyard:revenant":1,"minecraft:spider":11,"minecraft:skeleton":9,"spore:inf_player":1,"minecraft:creeper":4,"minecraft:polar_bear":2,"difficult_spawners:evil_spirit":10,"minecraft:zombie":24},"minecraft:killed_by":{"minecraft:player":2,"minecraft:creeper":1,"minecraft:skeleton":2,"born_in_chaos_v1:corpse_fish":1,"graveyard:revenant":1},"minecraft:mined":{"minecraft:dark_oak_planks":2,"minecraft:spruce_planks":6,"minecraft:white_bed":3,"minecraft:farmland":3,"minecraft:mossy_cobblestone":1,"minecraft:spruce_trapdoor":2,"minecraft:nether_bricks":1,"minecraft:granite":2,"minecraft:stone_brick_wall":1,"minecraft:spruce_fence":1,"minecraft:grass_block":5,"minecraft:lime_stained_glass":1,"minecraft:composter":2,"minecraft:spawner":5,"minecraft:furnace":1,"minecraft:fire":6,"minecraft:barrel":3,"born_in_chaos_v1:black_argillite_brick_stairs":1,"minecraft:andesite":1,"minecraft:stripped_spruce_log":8,"treechop:chopped_log":3,"regions_unexplored:larch_leaves":1,"minecraft:gold_block":5,"minecraft:mossy_stone_brick_stairs":3,"minecraft:potatoes":1,"minecraft:vine":2,"minecraft:iron_bars":4,"minecraft:lantern":1,"minecraft:stone":68,"minecraft:spruce_slab":69,"spore:lab_block":2,"supplementaries:book_pile":3,"minecraft:spruce_door":2,"minecraft:crafting_table":3,"minecraft:torch":4,"undead_unleashed:grave_soil":2,"minecraft:polished_andesite_stairs":1,"minecraft:chest":3,"minecraft:copper_ore":1,"minecraft:cobblestone":19,"born_in_chaos_v1:chipped_black_argillite_brick":1,"minecraft:damaged_anvil":2,"minecraft:sugar_cane":4,"butchersdelight:deadchickenblock":2,"minecraft:diorite":3,"minecraft:wall_torch":8,"minecraft:spruce_stairs":3,"minecraft:chain":2,"minecraft:dark_oak_slab":8,"quark:spruce_ladder":4,"minecraft:ice":1,"minecraft:spruce_log":5,"minecraft:white_wall_banner":1,"born_in_chaos_v1:black_argillite_brick":1,"minecraft:stone_brick_stairs":5,"minecraft:coal_ore":28,"regions_unexplored:peat_dirt":1,"minecraft:dirt":20,"minecraft:cobweb":19,"minecraft:wither_skeleton_skull":1,"minecraft:stone_bricks":10,"minecraft:yellow_stained_glass":1,"minecraft:mossy_stone_bricks":3,"minecraft:oak_leaves":1,"spore:remains":1},"minecraft:crafted":{"minecraft:furnace":1,"minecraft:spruce_stairs":8,"minecraft:polished_diorite":4,"minecraft:spruce_slab":60,"minecraft:stone_pickaxe":1,"minecraft:crafting_table":3,"minecraft:spruce_planks":104,"minecraft:wooden_pickaxe":1,"minecraft:baked_potato":3,"minecraft:spruce_door":6,"minecraft:cooked_salmon":1,"minecraft:stone_axe":1,"minecraft:air":0,"minecraft:bread":2,"minecraft:white_wool":6,"minecraft:shield":2,"minecraft:stick":16,"minecraft:stone_sword":2,"minecraft:white_bed":2},"minecraft:dropped":{"minecraft:enchanted_book":1,"minecraft:iron_ingot":10,"minecraft:iron_sword":2,"minecraft:dark_oak_stairs":1,"minecraft:birch_planks":1,"minecraft:wheat_seeds":4,"minecraft:golden_helmet":1,"minecraft:baked_potato":1,"minecraft:dark_oak_slab":3,"minecraft:iron_helmet":1,"minecraft:feather":2,"minecraft:cobblestone":19,"minecraft:apple":2,"minecraft:granite":1,"minecraft:mossy_stone_brick_stairs":2,"minecraft:spruce_door":5,"undead_unleashed:grave_metal_scrap":11,"minecraft:spruce_stairs":9,"minecraft:leather_helmet":2,"minecraft:red_carpet":12,"minecraft:stick":2,"born_in_chaos_v1:monster_flesh":1,"sons_of_sins:rotten_apple":2,"minecraft:diorite":10,"minecraft:torch":2,"minecraft:diamond_helmet":1,"minecraft:snowball":15,"minecraft:chain":1,"born_in_chaos_v1:black_argillite_brick":1,"minecraft:iron_pickaxe":1,"quark:spruce_ladder":5,"minecraft:dark_oak_planks":1,"minecraft:string":14,"quark:yellow_shard":3,"ftbquests:book":1,"minecraft:bucket":1,"minecraft:spruce_sapling":2,"minecraft:bone":4,"quark:lime_shard":3,"minecraft:polished_diorite":3,"minecraft:stone_axe":6,"tarotcards:the_high_priestess":1,"born_in_chaos_v1:fire_dust":7,"minecraft:stone_sword":5,"minecraft:raw_copper":5,"minecraft:wheat":5,"minecraft:composter":2,"minecraft:chicken":2,"born_in_chaos_v1:black_argillite_button":1,"minecraft:rotten_flesh":80,"minecraft:wither_skeleton_skull":1,"born_in_chaos_v1:smoked_flesh":1,"immersiveengineering:raw_aluminum":1,"spore:mutated_fiber":2,"undead_unleashed:grave_metal_sword":1,"minecraft:spruce_fence":1,"minecraft:filled_map":1,"regions_unexplored:peat_dirt":2,"minecraft:leather_chestplate":1,"supplementaries:ash":2,"minecraft:jungle_stairs":1,"minecraft:mossy_stone_bricks":1,"minecraft:golden_leggings":3,"minecraft:stone_bricks":1,"minecraft:spider_eye":5,"minecraft:spruce_log":3,"minecraft:spruce_slab":31,"minecraft:arrow":5,"minecraft:bow":2,"minecraft:wooden_pickaxe":1,"minecraft:stone_pickaxe":3,"minecraft:stone_brick_stairs":2},"minecraft:picked_up":{"spore:lab_block":2,"minecraft:crafting_table":4,"minecraft:wheat":1,"minecraft:chicken":2,"quark:spruce_ladder":6,"minecraft:gold_block":5,"minecraft:stone_brick_wall":1,"minecraft:enchanted_book":6,"minecraft:stone_brick_stairs":5,"minecraft:chain":2,"minecraft:string":32,"minecraft:raw_copper":5,"quark:yellow_shard":3,"born_in_chaos_v1:black_argillite_brick":1,"minecraft:gold_nugget":3,"undead_unleashed:grave_metal_sword":1,"minecraft:spruce_planks":66,"minecraft:iron_pickaxe":2,"minecraft:spruce_slab":64,"minecraft:sugar_cane":13,"minecraft:chest":3,"minecraft:spruce_trapdoor":1,"minecraft:egg":1,"minecraft:furnace":1,"minecraft:golden_helmet":1,"minecraft:stick":9,"minecraft:composter":2,"minecraft:torch":38,"minecraft:spruce_stairs":3,"minecraft:spruce_fence":3,"tarotcards:the_high_priestess":1,"minecraft:diorite":19,"born_in_chaos_v1:black_argillite_brick_stairs":1,"minecraft:dark_oak_planks":2,"sons_of_sins:rotten_apple":2,"minecraft:stone_sword":2,"minecraft:arrow":12,"minecraft:rotten_flesh":76,"minecraft:jungle_stairs":1,"quark:lime_shard":3,"supplementaries:ash":2,"minecraft:skeleton_skull":1,"minecraft:iron_bars":3,"minecraft:snowball":29,"minecraft:blaze_powder":1,"minecraft:cobblestone":145,"regions_unexplored:peat_dirt":2,"minecraft:leather_chestplate":1,"minecraft:feather":2,"minecraft:salmon":1,"minecraft:water_bucket":1,"minecraft:andesite":1,"minecraft:golden_leggings":2,"minecraft:potato":4,"minecraft:birch_planks":1,"born_in_chaos_v1:black_argillite_button":1,"minecraft:gunpowder":5,"minecraft:wither_skeleton_skull":2,"minecraft:map":1,"minecraft:dirt":64,"minecraft:lantern":1,"minecraft:white_banner":1,"butchersdelight:deadchiken":2,"minecraft:red_carpet":18,"minecraft:bone":10,"minecraft:stone_bricks":12,"minecraft:bow":2,"minecraft:wheat_seeds":4,"born_in_chaos_v1:chipped_black_argillite_brick":1,"minecraft:cobweb":6,"spore:mutated_fiber":2,"minecraft:mossy_stone_bricks":4,"minecraft:iron_sword":1,"minecraft:mossy_stone_brick_stairs":5,"minecraft:dark_oak_stairs":2,"minecraft:book":3,"minecraft:polished_andesite_stairs":1,"minecraft:dark_oak_slab":4,"minecraft:stone_brick_slab":1,"minecraft:red_wool":3,"minecraft:red_banner":1,"immersiveengineering:raw_aluminum":1,"minecraft:stripped_spruce_log":9,"undead_unleashed:grave_metal_scrap":11,"minecraft:spruce_sapling":2,"minecraft:white_bed":4,"minecraft:spruce_log":24,"minecraft:spider_eye":5,"minecraft:spruce_door":3,"minecraft:barrel":3,"minecraft:mossy_cobblestone":1,"minecraft:leather_helmet":2,"born_in_chaos_v1:fire_dust":7,"minecraft:stone_axe":6,"minecraft:granite":3,"minecraft:bread":9,"minecraft:damaged_anvil":2,"minecraft:coal":93},"minecraft:used":{"minecraft:iron_bars":3,"minecraft:stone_sword":41,"minecraft:flint_and_steel":2,"minecraft:spruce_slab":122,"minecraft:chest":3,"minecraft:spruce_planks":52,"minecraft:shield":14,"minecraft:iron_sword":102,"spore:lab_block":2,"minecraft:torch":42,"minecraft:dirt":64,"minecraft:spyglass":16,"minecraft:spruce_stairs":2,"minecraft:carrot":8,"minecraft:diamond_helmet":1,"minecraft:spruce_fence":2,"minecraft:snowball":14,"minecraft:granite":2,"minecraft:stripped_spruce_log":4,"minecraft:polished_diorite":1,"minecraft:stone_brick_slab":1,"minecraft:dark_oak_planks":1,"born_in_chaos_v1:smoked_flesh":2,"born_in_chaos_v1:chipped_black_argillite_brick":1,"minecraft:lava_bucket":6,"minecraft:lantern":1,"minecraft:polished_andesite_stairs":1,"minecraft:dark_oak_slab":1,"minecraft:barrel":3,"minecraft:stone_brick_stairs":3,"minecraft:stone_bricks":7,"minecraft:golden_carrot":2,"minecraft:bow":32,"minecraft:furnace":2,"minecraft:cooked_beef":1,"minecraft:egg":1,"minecraft:potato":1,"minecraft:mossy_stone_bricks":3,"minecraft:dark_oak_stairs":1,"minecraft:water_bucket":10,"minecraft:diorite":5,"minecraft:damaged_anvil":2,"minecraft:spruce_door":4,"minecraft:stone_pickaxe":95,"minecraft:baked_potato":6,"minecraft:wooden_pickaxe":8,"minecraft:mossy_stone_brick_stairs":3,"born_in_chaos_v1:black_argillite_brick_stairs":1,"minecraft:golden_apple":3,"minecraft:crafting_table":7,"minecraft:white_bed":4,"minecraft:stone_brick_wall":1,"minecraft:cake":1,"minecraft:apple":1,"minecraft:string":1,"minecraft:bread":12,"minecraft:map":1,"minecraft:iron_pickaxe":85,"minecraft:spruce_trapdoor":1,"minecraft:stone_axe":128,"minecraft:diamond_sword":5,"minecraft:enchanted_book":4,"minecraft:cobblestone":100,"quark:spruce_ladder":1,"minecraft:red_banner":1,"minecraft:cooked_rabbit":1,"minecraft:andesite":1,"minecraft:bucket":17,"minecraft:chain":1,"minecraft:experience_bottle":2,"minecraft:cobweb":12},"minecraft:custom":{"minecraft:interact_with_smithing_table":1,"minecraft:interact_with_anvil":4,"minecraft:mob_kills":64,"minecraft:open_barrel":8,"minecraft:interact_with_crafting_table":23,"minecraft:bell_ring":1,"minecraft:eat_cake_slice":5,"minecraft:leave_game":4,"minecraft:time_since_death":66910,"minecraft:climb_one_cm":25108,"minecraft:sprint_one_cm":280116,"minecraft:walk_one_cm":423436,"minecraft:damage_blocked_by_shield":640,"minecraft:drop":125,"minecraft:play_time":162739,"minecraft:deaths":7,"minecraft:sneak_time":15145,"minecraft:walk_under_water_one_cm":3591,"minecraft:jump":1743,"minecraft:walk_on_water_one_cm":7936,"minecraft:total_world_time":162739,"minecraft:interact_with_furnace":26,"minecraft:interact_with_cartography_table":1,"minecraft:time_since_rest":66941,"minecraft:damage_taken":3496,"minecraft:damage_absorbed":40,"minecraft:damage_dealt":7727,"minecraft:swim_one_cm":983,"minecraft:fly_one_cm":393410,"minecraft:open_chest":136,"minecraft:crouch_one_cm":38338,"minecraft:fall_one_cm":37428,"minecraft:inspect_dispenser":3},"minecraft:broken":{"minecraft:stone_axe":1}},"DataVersion":3120}