{"stats":{"minecraft:killed_by":{"minecraft:skeleton":1,"minecraft:creeper":1,"born_in_chaos_v1:corpse_fish":1},"minecraft:mined":{"minecraft:spruce_planks":2,"minecraft:spruce_log":1,"minecraft:stripped_spruce_log":5,"treechop:chopped_log":1,"minecraft:crafting_table":1,"minecraft:granite":2,"minecraft:dirt":6,"minecraft:stone":2,"minecraft:sugar_cane":3},"minecraft:crafted":{"minecraft:crafting_table":2,"minecraft:spruce_planks":44,"minecraft:stick":4,"minecraft:wooden_pickaxe":1},"minecraft:picked_up":{"minecraft:crafting_table":2,"minecraft:stripped_spruce_log":5,"minecraft:spruce_log":6,"minecraft:dirt":25,"minecraft:spruce_planks":2,"minecraft:granite":2,"minecraft:sugar_cane":9,"minecraft:snowball":4,"minecraft:cobblestone":2},"minecraft:used":{"minecraft:spruce_planks":8,"minecraft:wooden_pickaxe":5,"minecraft:torch":1,"minecraft:dirt":19,"minecraft:crafting_table":3,"minecraft:granite":1},"minecraft:custom":{"minecraft:time_since_rest":4415,"minecraft:interact_with_smithing_table":1,"minecraft:interact_with_furnace":1,"minecraft:sprint_one_cm":36606,"minecraft:damage_taken":980,"minecraft:walk_one_cm":42384,"minecraft:damage_dealt":43,"minecraft:interact_with_crafting_table":4,"minecraft:fly_one_cm":65628,"minecraft:open_chest":3,"minecraft:crouch_one_cm":1382,"minecraft:play_time":30919,"minecraft:deaths":3,"minecraft:sneak_time":750,"minecraft:walk_under_water_one_cm":57,"minecraft:jump":252,"minecraft:leave_game":2,"minecraft:walk_on_water_one_cm":50,"minecraft:time_since_death":4387,"minecraft:total_world_time":30919,"minecraft:fall_one_cm":5562}},"DataVersion":3120}