{"stats":{"minecraft:killed":{"minecraft:spider":4,"minecraft:skeleton":5,"minecraft:polar_bear":3,"difficult_spawners:evil_spirit":8,"minecraft:zombie":14},"minecraft:killed_by":{"difficult_spawners:evil_spirit":1,"minecraft:skeleton":1,"minecraft:zombie":2,"graveyard:revenant":1},"minecraft:mined":{"minecraft:spruce_planks":5,"minecraft:mossy_stone_brick_slab":1,"minecraft:spruce_trapdoor":1,"minecraft:grass_block":2,"minecraft:spruce_fence":2,"minecraft:spruce_leaves":5,"minecraft:spawner":2,"minecraft:hay_block":6,"minecraft:iron_ore":7,"spore:cdu":2,"minecraft:stripped_spruce_log":6,"treechop:chopped_log":3,"minecraft:mossy_stone_brick_stairs":1,"minecraft:bookshelf":14,"minecraft:iron_bars":2,"minecraft:spruce_wood":2,"minecraft:stone":162,"immersiveengineering:ore_aluminum":1,"spore:lab_block":1,"minecraft:spruce_slab":20,"sons_of_sins:sin_apple":1,"minecraft:stone_brick_slab":1,"minecraft:dandelion":1,"minecraft:crafting_table":1,"minecraft:torch":7,"minecraft:jungle_stairs":1,"minecraft:oak_wood":2,"undead_unleashed:mossy_shaded_bricks":1,"minecraft:poppy":2,"minecraft:chest":4,"minecraft:tall_grass":1,"minecraft:cobblestone":20,"minecraft:oak_planks":3,"minecraft:diorite":10,"minecraft:blue_bed":1,"minecraft:wall_torch":15,"minecraft:stripped_spruce_wood":4,"minecraft:lapis_block":1,"quark:spruce_ladder":2,"minecraft:spruce_log":2,"realmrpg_skeletons:acrobat_skeleton":1,"minecraft:stone_brick_stairs":1,"minecraft:grass":9,"minecraft:coal_ore":90,"minecraft:oak_log":14,"minecraft:dark_oak_button":2,"minecraft:dirt":17,"minecraft:cobweb":5,"minecraft:stone_bricks":5,"minecraft:mossy_stone_bricks":1,"minecraft:oak_leaves":2},"minecraft:crafted":{"minecraft:oak_planks":60,"minecraft:stone_pickaxe":3,"spore:lab_block1":1,"minecraft:crafting_table":3,"minecraft:spruce_planks":112,"minecraft:wooden_pickaxe":1,"quark:spruce_ladder":40,"minecraft:stone_axe":2,"minecraft:bread":18,"minecraft:shield":1,"minecraft:stick":88,"minecraft:iron_pickaxe":1,"minecraft:stone_sword":1,"minecraft:torch":80},"minecraft:dropped":{"minecraft:enchanted_book":1,"minecraft:water_bucket":1,"minecraft:bread":10,"minecraft:wheat_seeds":2,"minecraft:golden_helmet":2,"minecraft:cobblestone":56,"minecraft:book":5,"minecraft:spruce_stairs":9,"minecraft:chainmail_helmet":1,"minecraft:leather_helmet":2,"minecraft:stick":2,"minecraft:cobweb":6,"sons_of_sins:rotten_apple":1,"minecraft:leather_horse_armor":1,"minecraft:torch":7,"minecraft:map":1,"minecraft:iron_pickaxe":2,"minecraft:paper":1,"minecraft:spruce_sapling":10,"minecraft:stone_brick_slab":1,"minecraft:bone":13,"minecraft:snow_block":1,"minecraft:stone_axe":3,"tarotcards:the_high_priestess":1,"minecraft:compass":1,"born_in_chaos_v1:fire_dust":1,"minecraft:stone_sword":2,"minecraft:wheat":3,"minecraft:rotten_flesh":32,"minecraft:wither_skeleton_skull":1,"minecraft:oak_planks":23,"minecraft:white_bed":1,"minecraft:filled_map":1,"minecraft:poppy":6,"minecraft:leather_chestplate":1,"minecraft:spruce_trapdoor":1,"minecraft:spruce_planks":60,"minecraft:jungle_stairs":1,"minecraft:stone_bricks":4,"minecraft:spider_eye":3,"minecraft:spruce_slab":6,"minecraft:arrow":2,"minecraft:wooden_pickaxe":2,"minecraft:stone_brick_stairs":2},"minecraft:picked_up":{"minecraft:fishing_rod":1,"spore:lab_block":1,"minecraft:crafting_table":1,"minecraft:wheat":2,"quark:spruce_ladder":10,"minecraft:wooden_pickaxe":1,"minecraft:stone_brick_stairs":3,"minecraft:lapis_block":1,"minecraft:string":23,"minecraft:red_bed":1,"minecraft:compass":2,"minecraft:bucket":1,"minecraft:spruce_planks":11,"undead_unleashed:grave_metal_sword":1,"minecraft:poppy":6,"minecraft:iron_pickaxe":2,"minecraft:spruce_slab":47,"minecraft:chest":5,"minecraft:spruce_trapdoor":3,"minecraft:golden_helmet":2,"minecraft:stick":8,"minecraft:raw_iron":14,"minecraft:torch":21,"minecraft:spruce_stairs":9,"born_in_chaos_v1:pileof_dark_metal":1,"minecraft:cookie":4,"minecraft:diorite":14,"minecraft:carrot":3,"sons_of_sins:rotten_apple":1,"minecraft:stone_sword":3,"minecraft:arrow":12,"minecraft:rotten_flesh":34,"minecraft:jungle_stairs":2,"minecraft:hay_block":6,"minecraft:leather_horse_armor":2,"minecraft:blaze_rod":2,"minecraft:snowball":29,"minecraft:cod":4,"minecraft:blaze_powder":2,"minecraft:cobblestone":318,"spore:cdu":2,"minecraft:leather_chestplate":2,"minecraft:andesite":1,"minecraft:golden_leggings":1,"minecraft:potato":3,"minecraft:filled_map":2,"minecraft:stripped_spruce_wood":7,"minecraft:oak_log":13,"minecraft:gunpowder":1,"minecraft:wither_skeleton_skull":1,"minecraft:map":1,"minecraft:blue_bed":1,"minecraft:dirt":20,"butchersdelight:deadchiken":1,"minecraft:bone":34,"minecraft:apple":2,"minecraft:stone_bricks":4,"minecraft:bow":1,"minecraft:wheat_seeds":25,"ftbquests:book":1,"born_in_chaos_v1:smoked_flesh":1,"minecraft:iron_ingot":11,"minecraft:stone_pickaxe":1,"minecraft:mossy_stone_bricks":1,"minecraft:oak_planks":26,"minecraft:book":83,"minecraft:stone_brick_slab":1,"minecraft:stripped_spruce_log":5,"undead_unleashed:grave_metal_scrap":5,"minecraft:spruce_sapling":10,"minecraft:spruce_log":20,"minecraft:spider_eye":6,"minecraft:spruce_door":1,"minecraft:leather_helmet":4,"minecraft:oak_wood":2,"minecraft:pumpkin_seeds":31,"minecraft:stone_axe":3,"minecraft:iron_helmet":1,"minecraft:granite":1,"minecraft:chainmail_helmet":1,"minecraft:bread":1,"minecraft:baked_potato":1,"minecraft:coal":193},"minecraft:used":{"spore:cdu":1,"minecraft:stone_sword":142,"minecraft:spruce_slab":8,"minecraft:spruce_planks":10,"minecraft:chest":2,"minecraft:shield":6,"minecraft:iron_chestplate":1,"minecraft:rotten_flesh":2,"undead_unleashed:grave_metal_sword":20,"minecraft:torch":38,"minecraft:dirt":20,"minecraft:carrot":3,"minecraft:snowball":16,"born_in_chaos_v1:smoked_flesh":6,"minecraft:lava_bucket":3,"minecraft:bookshelf":1,"minecraft:potato":6,"minecraft:stripped_spruce_wood":4,"minecraft:water_bucket":6,"minecraft:stone_pickaxe":284,"minecraft:baked_potato":1,"minecraft:oak_planks":28,"minecraft:wooden_pickaxe":10,"minecraft:chainmail_helmet":1,"minecraft:blue_bed":1,"minecraft:cookie":4,"minecraft:golden_apple":1,"minecraft:crafting_table":4,"minecraft:cod":4,"minecraft:apple":2,"minecraft:bread":11,"minecraft:iron_pickaxe":33,"minecraft:spruce_trapdoor":1,"minecraft:golden_leggings":1,"minecraft:stone_axe":100,"minecraft:fishing_rod":1,"minecraft:cobblestone":51,"quark:spruce_ladder":34,"minecraft:bucket":10,"minecraft:andesite":1,"minecraft:experience_bottle":1},"minecraft:custom":{"minecraft:interact_with_smithing_table":1,"minecraft:interact_with_anvil":1,"minecraft:mob_kills":36,"minecraft:interact_with_crafting_table":23,"minecraft:open_barrel":25,"minecraft:bell_ring":1,"minecraft:eat_cake_slice":5,"minecraft:leave_game":13,"minecraft:time_since_death":14405,"minecraft:climb_one_cm":23094,"minecraft:sprint_one_cm":260924,"minecraft:walk_one_cm":380616,"minecraft:damage_blocked_by_shield":230,"minecraft:drop":84,"minecraft:play_time":163352,"minecraft:deaths":7,"minecraft:sneak_time":6497,"minecraft:walk_under_water_one_cm":7849,"minecraft:jump":1745,"minecraft:walk_on_water_one_cm":8703,"minecraft:total_world_time":163352,"minecraft:interact_with_furnace":1,"minecraft:interact_with_cartography_table":2,"minecraft:time_since_rest":14437,"minecraft:damage_taken":2965,"minecraft:damage_absorbed":40,"minecraft:damage_dealt":6305,"minecraft:swim_one_cm":3475,"minecraft:fly_one_cm":402155,"minecraft:player_kills":2,"minecraft:open_chest":90,"minecraft:crouch_one_cm":12032,"minecraft:interact_with_smoker":1,"minecraft:fall_one_cm":36028},"minecraft:broken":{"minecraft:stone_pickaxe":2,"minecraft:leather_helmet":1}},"DataVersion":3120}