{"stats":{"minecraft:killed_by":{"minecraft:skeleton":1,"minecraft:zombie":2},"minecraft:mined":{"minecraft:spruce_planks":5,"minecraft:stripped_spruce_wood":2,"minecraft:iron_ore":7,"minecraft:spruce_log":1,"minecraft:dandelion":1,"minecraft:stripped_spruce_log":5,"treechop:chopped_log":1,"minecraft:crafting_table":1,"minecraft:grass":8,"minecraft:grass_block":1,"minecraft:coal_ore":81,"minecraft:poppy":2,"minecraft:chest":1,"minecraft:dirt":15,"minecraft:cobblestone":2,"minecraft:spruce_leaves":2,"minecraft:stone":123,"minecraft:diorite":8,"minecraft:wall_torch":4,"minecraft:blue_bed":1},"minecraft:crafted":{"minecraft:crafting_table":1,"minecraft:spruce_planks":24,"minecraft:stick":16,"minecraft:wooden_pickaxe":1,"minecraft:iron_pickaxe":1,"minecraft:stone_pickaxe":2,"minecraft:stone_sword":1,"minecraft:stone_axe":1},"minecraft:dropped":{"minecraft:cobweb":6,"minecraft:bread":1,"minecraft:wooden_pickaxe":2},"minecraft:picked_up":{"minecraft:raw_iron":7,"minecraft:stick":2,"minecraft:crafting_table":1,"minecraft:torch":4,"minecraft:wooden_pickaxe":1,"undead_unleashed:grave_metal_scrap":2,"minecraft:spruce_door":1,"minecraft:stripped_spruce_wood":5,"minecraft:stripped_spruce_log":5,"minecraft:spruce_sapling":5,"minecraft:spruce_log":5,"minecraft:diorite":8,"minecraft:red_bed":1,"minecraft:dirt":16,"minecraft:blue_bed":1,"minecraft:wheat_seeds":1,"minecraft:spruce_planks":5,"minecraft:bread":1,"minecraft:poppy":2,"minecraft:chest":1,"minecraft:coal":81,"minecraft:snowball":29,"minecraft:cobblestone":125},"minecraft:used":{"minecraft:stone_sword":7,"minecraft:stone_pickaxe":199,"minecraft:bread":4,"minecraft:iron_pickaxe":24,"minecraft:wooden_pickaxe":10,"minecraft:spruce_planks":4,"minecraft:stone_axe":11,"minecraft:torch":5,"minecraft:dirt":5,"minecraft:cobblestone":16,"minecraft:crafting_table":2,"minecraft:potato":1,"minecraft:stripped_spruce_wood":2},"minecraft:custom":{"minecraft:time_since_rest":2640,"minecraft:interact_with_smithing_table":1,"minecraft:sprint_one_cm":78056,"minecraft:damage_taken":1035,"minecraft:walk_one_cm":67751,"minecraft:drop":9,"minecraft:damage_dealt":407,"minecraft:interact_with_cartography_table":2,"minecraft:interact_with_crafting_table":6,"minecraft:fly_one_cm":120528,"minecraft:open_barrel":4,"minecraft:open_chest":9,"minecraft:crouch_one_cm":1596,"minecraft:play_time":48745,"minecraft:deaths":3,"minecraft:sneak_time":1032,"minecraft:walk_under_water_one_cm":2236,"minecraft:jump":469,"minecraft:leave_game":5,"minecraft:time_since_death":2612,"minecraft:walk_on_water_one_cm":205,"minecraft:total_world_time":48745,"minecraft:fall_one_cm":8986},"minecraft:broken":{"minecraft:stone_pickaxe":1}},"DataVersion":3120}