{"stats":{"minecraft:killed":{"minecraft:polar_bear":2,"minecraft:skeleton":1,"minecraft:zombie":2},"minecraft:killed_by":{"minecraft:skeleton":1,"minecraft:zombie":2},"minecraft:mined":{"minecraft:spruce_planks":5,"minecraft:dandelion":1,"minecraft:torch":4,"minecraft:crafting_table":1,"minecraft:grass_block":2,"minecraft:poppy":2,"minecraft:chest":1,"minecraft:cobblestone":13,"minecraft:spruce_leaves":5,"minecraft:diorite":10,"minecraft:wall_torch":6,"minecraft:blue_bed":1,"minecraft:stripped_spruce_wood":4,"minecraft:iron_ore":7,"minecraft:spruce_log":2,"minecraft:stripped_spruce_log":5,"treechop:chopped_log":3,"minecraft:grass":8,"minecraft:coal_ore":90,"minecraft:dirt":17,"minecraft:stone":161},"minecraft:crafted":{"minecraft:crafting_table":1,"minecraft:spruce_planks":32,"minecraft:wooden_pickaxe":1,"minecraft:stone_axe":1,"minecraft:stick":16,"minecraft:iron_pickaxe":1,"minecraft:stone_pickaxe":2,"minecraft:stone_sword":1},"minecraft:dropped":{"minecraft:bread":4,"minecraft:rotten_flesh":1,"minecraft:cobweb":6,"minecraft:wooden_pickaxe":2,"minecraft:iron_pickaxe":1},"minecraft:picked_up":{"minecraft:crafting_table":1,"minecraft:wooden_pickaxe":1,"minecraft:potato":3,"minecraft:stripped_spruce_wood":7,"minecraft:dirt":20,"minecraft:blue_bed":1,"minecraft:red_bed":1,"minecraft:bone":2,"minecraft:wheat_seeds":1,"minecraft:spruce_planks":5,"minecraft:poppy":2,"minecraft:chest":2,"minecraft:stick":5,"minecraft:raw_iron":7,"minecraft:torch":10,"minecraft:stripped_spruce_log":5,"undead_unleashed:grave_metal_scrap":2,"minecraft:spruce_sapling":10,"minecraft:diorite":14,"minecraft:spruce_log":20,"minecraft:spruce_door":1,"minecraft:arrow":2,"minecraft:rotten_flesh":3,"minecraft:granite":1,"minecraft:bread":1,"minecraft:snowball":29,"minecraft:coal":89,"minecraft:cod":4,"minecraft:cobblestone":170},"minecraft:used":{"minecraft:stone_sword":25,"minecraft:stone_pickaxe":260,"minecraft:spruce_planks":4,"minecraft:wooden_pickaxe":10,"minecraft:rotten_flesh":2,"minecraft:torch":11,"minecraft:dirt":20,"minecraft:crafting_table":2,"minecraft:bread":6,"minecraft:iron_pickaxe":28,"minecraft:stone_axe":31,"minecraft:cobblestone":40,"minecraft:potato":1,"minecraft:stripped_spruce_wood":4},"minecraft:custom":{"minecraft:interact_with_smithing_table":1,"minecraft:mob_kills":6,"minecraft:interact_with_crafting_table":6,"minecraft:interact_with_cartography_table":2,"minecraft:open_barrel":4,"minecraft:leave_game":9,"minecraft:time_since_death":24353,"minecraft:climb_one_cm":8,"minecraft:time_since_rest":24381,"minecraft:sprint_one_cm":114325,"minecraft:damage_taken":1315,"minecraft:walk_one_cm":110945,"minecraft:drop":14,"minecraft:damage_dealt":1398,"minecraft:swim_one_cm":796,"minecraft:fly_one_cm":196799,"minecraft:open_chest":10,"minecraft:crouch_one_cm":2404,"minecraft:play_time":70486,"minecraft:deaths":3,"minecraft:sneak_time":1787,"minecraft:walk_under_water_one_cm":2792,"minecraft:jump":821,"minecraft:walk_on_water_one_cm":463,"minecraft:total_world_time":70486,"minecraft:fall_one_cm":17275},"minecraft:broken":{"minecraft:stone_pickaxe":1}},"DataVersion":3120}