{"stats":{"minecraft:killed":{"minecraft:spider":5,"minecraft:skeleton":8,"minecraft:polar_bear":3,"difficult_spawners:evil_spirit":8,"minecraft:zombie":15},"minecraft:killed_by":{"difficult_spawners:evil_spirit":1,"minecraft:skeleton":1,"minecraft:zombie":4,"graveyard:revenant":1},"minecraft:mined":{"minecraft:dark_oak_planks":4,"minecraft:spruce_planks":5,"minecraft:mossy_stone_brick_slab":1,"minecraft:spruce_trapdoor":1,"minecraft:grass_block":2,"minecraft:spruce_fence":2,"minecraft:spruce_leaves":5,"minecraft:spawner":3,"minecraft:hay_block":6,"minecraft:fire":3,"minecraft:iron_ore":7,"spore:cdu":2,"minecraft:stripped_spruce_log":6,"treechop:chopped_log":3,"minecraft:dark_oak_stairs":2,"minecraft:mossy_stone_brick_stairs":2,"minecraft:bookshelf":14,"minecraft:iron_bars":2,"minecraft:spruce_wood":2,"minecraft:stone":162,"spore:lab_block":1,"minecraft:spruce_slab":20,"immersiveengineering:ore_aluminum":1,"minecraft:red_wool":3,"supplementaries:book_pile":2,"minecraft:stripped_dark_oak_log":2,"minecraft:stone_brick_slab":1,"sons_of_sins:sin_apple":1,"minecraft:dandelion":1,"minecraft:crafting_table":2,"minecraft:torch":7,"minecraft:jungle_stairs":1,"minecraft:oak_wood":2,"undead_unleashed:mossy_shaded_bricks":1,"minecraft:poppy":2,"minecraft:chest":7,"minecraft:tall_grass":1,"minecraft:cobblestone":29,"minecraft:oak_planks":3,"minecraft:blue_bed":1,"minecraft:diorite":10,"minecraft:wall_torch":15,"minecraft:dark_oak_slab":1,"minecraft:stripped_spruce_wood":4,"minecraft:lapis_block":1,"quark:spruce_ladder":2,"minecraft:spruce_log":2,"realmrpg_skeletons:acrobat_skeleton":1,"minecraft:red_wall_banner":1,"minecraft:stone_brick_stairs":2,"minecraft:grass":9,"minecraft:oak_log":14,"minecraft:coal_ore":90,"minecraft:dark_oak_button":2,"minecraft:dirt":17,"minecraft:cobweb":7,"minecraft:stonecutter":1,"minecraft:stone_bricks":11,"minecraft:mossy_stone_bricks":9,"minecraft:oak_leaves":2},"minecraft:crafted":{"minecraft:oak_planks":60,"minecraft:stone_pickaxe":3,"minecraft:chest":1,"spore:lab_block1":1,"minecraft:crafting_table":3,"minecraft:spruce_planks":112,"minecraft:wooden_pickaxe":1,"quark:spruce_ladder":40,"minecraft:stone_axe":2,"minecraft:bread":18,"minecraft:shield":2,"minecraft:stick":88,"minecraft:iron_pickaxe":1,"minecraft:stone_sword":1,"minecraft:torch":80},"minecraft:dropped":{"minecraft:enchanted_book":1,"minecraft:water_bucket":1,"minecraft:bread":10,"minecraft:wheat_seeds":2,"minecraft:golden_helmet":2,"minecraft:cobblestone":56,"minecraft:book":5,"minecraft:spruce_stairs":9,"minecraft:chainmail_helmet":1,"minecraft:leather_helmet":2,"minecraft:stick":2,"minecraft:cobweb":6,"sons_of_sins:rotten_apple":1,"minecraft:leather_horse_armor":1,"minecraft:torch":23,"minecraft:map":1,"minecraft:iron_pickaxe":2,"minecraft:paper":1,"minecraft:bone":13,"minecraft:spruce_sapling":10,"minecraft:stone_brick_slab":1,"minecraft:snow_block":1,"minecraft:stone_axe":3,"tarotcards:the_high_priestess":2,"minecraft:compass":1,"born_in_chaos_v1:fire_dust":1,"minecraft:stone_sword":3,"minecraft:wheat":3,"minecraft:rotten_flesh":32,"minecraft:wither_skeleton_skull":1,"minecraft:oak_planks":23,"minecraft:white_bed":1,"minecraft:filled_map":1,"minecraft:poppy":6,"minecraft:leather_chestplate":1,"minecraft:spruce_trapdoor":1,"minecraft:spruce_planks":60,"minecraft:jungle_stairs":1,"minecraft:mossy_stone_bricks":1,"minecraft:chest":1,"minecraft:spider_eye":3,"minecraft:stone_bricks":4,"minecraft:spruce_slab":6,"minecraft:arrow":2,"minecraft:wooden_pickaxe":2,"minecraft:stone_brick_stairs":2},"minecraft:picked_up":{"minecraft:fishing_rod":1,"spore:lab_block":1,"minecraft:crafting_table":2,"minecraft:wheat":2,"quark:spruce_ladder":10,"minecraft:wooden_pickaxe":1,"minecraft:enchanted_book":2,"minecraft:stone_brick_stairs":4,"minecraft:lapis_block":1,"minecraft:string":29,"minecraft:red_bed":1,"minecraft:compass":2,"minecraft:gold_nugget":1,"minecraft:bucket":1,"minecraft:spruce_planks":11,"undead_unleashed:grave_metal_sword":1,"minecraft:poppy":6,"minecraft:iron_nugget":1,"minecraft:iron_pickaxe":2,"minecraft:spruce_slab":47,"minecraft:chest":8,"minecraft:spruce_trapdoor":3,"minecraft:golden_helmet":2,"minecraft:stick":8,"minecraft:raw_iron":14,"minecraft:torch":21,"minecraft:spruce_stairs":9,"born_in_chaos_v1:pileof_dark_metal":1,"tarotcards:the_high_priestess":2,"minecraft:cookie":4,"minecraft:diorite":14,"minecraft:carrot":3,"minecraft:dark_oak_planks":5,"sons_of_sins:rotten_apple":1,"minecraft:stone_sword":3,"minecraft:arrow":15,"minecraft:weeping_vines":2,"minecraft:rotten_flesh":37,"minecraft:jungle_stairs":2,"minecraft:hay_block":6,"supplementaries:ash":6,"minecraft:leather_horse_armor":2,"minecraft:blaze_rod":2,"minecraft:cod":4,"minecraft:skeleton_skull":1,"minecraft:snowball":29,"minecraft:blaze_powder":2,"minecraft:cobblestone":325,"spore:cdu":3,"born_in_chaos_v1:corpse_maggot":1,"minecraft:leather_chestplate":2,"minecraft:andesite":1,"minecraft:golden_leggings":1,"minecraft:potato":3,"minecraft:filled_map":2,"minecraft:stripped_spruce_wood":7,"minecraft:oak_log":13,"minecraft:gunpowder":1,"minecraft:wither_skeleton_skull":1,"minecraft:map":1,"minecraft:blue_bed":1,"minecraft:dirt":20,"butchersdelight:deadchiken":1,"minecraft:red_carpet":6,"minecraft:bone":38,"minecraft:apple":2,"minecraft:stone_bricks":11,"minecraft:stonecutter":1,"minecraft:bow":1,"minecraft:wheat_seeds":25,"ftbquests:book":1,"born_in_chaos_v1:smoked_flesh":1,"minecraft:iron_ingot":11,"minecraft:stone_pickaxe":1,"minecraft:mossy_stone_bricks":10,"minecraft:diamond_helmet":1,"minecraft:iron_sword":1,"minecraft:oak_planks":26,"minecraft:mossy_stone_brick_stairs":1,"minecraft:dark_oak_stairs":1,"minecraft:book":83,"minecraft:dark_oak_slab":5,"minecraft:stone_brick_slab":1,"minecraft:spruce_sapling":10,"undead_unleashed:grave_metal_scrap":8,"minecraft:stripped_spruce_log":5,"minecraft:red_banner":1,"minecraft:spruce_log":20,"minecraft:spruce_door":1,"minecraft:spider_eye":6,"minecraft:leather_helmet":4,"minecraft:oak_wood":2,"minecraft:pumpkin_seeds":31,"minecraft:stone_axe":3,"minecraft:iron_helmet":1,"minecraft:granite":1,"minecraft:chainmail_helmet":1,"minecraft:bread":1,"minecraft:baked_potato":1,"minecraft:stripped_dark_oak_log":2,"minecraft:coal":193},"minecraft:custom":{"minecraft:interact_with_anvil":2,"minecraft:mob_kills":54,"minecraft:interact_with_crafting_table":25,"minecraft:open_barrel":25,"minecraft:bell_ring":1,"minecraft:eat_cake_slice":5,"minecraft:leave_game":14,"minecraft:time_since_death":337,"minecraft:climb_one_cm":23094,"minecraft:sprint_one_cm":297406,"minecraft:walk_one_cm":455235,"minecraft:damage_blocked_by_shield":230,"minecraft:drop":89,"minecraft:play_time":186740,"minecraft:deaths":9,"minecraft:sneak_time":7018,"minecraft:walk_under_water_one_cm":9834,"minecraft:jump":1833,"minecraft:walk_on_water_one_cm":10514,"minecraft:total_world_time":186740,"minecraft:interact_with_furnace":1,"minecraft:interact_with_cartography_table":2,"minecraft:time_since_rest":363,"minecraft:damage_taken":3719,"minecraft:damage_absorbed":40,"minecraft:damage_dealt":7749,"minecraft:player_kills":2,"minecraft:swim_one_cm":3475,"minecraft:fly_one_cm":408976,"minecraft:open_chest":151,"minecraft:crouch_one_cm":12873,"minecraft:interact_with_smoker":1,"minecraft:fall_one_cm":38305,"minecraft:interact_with_smithing_table":1},"minecraft:used":{"minecraft:stone_sword":142,"minecraft:flint_and_steel":3,"minecraft:spruce_slab":8,"minecraft:chest":8,"minecraft:spruce_planks":10,"minecraft:shield":6,"minecraft:iron_sword":30,"undead_unleashed:grave_metal_sword":20,"minecraft:rotten_flesh":2,"minecraft:torch":52,"minecraft:iron_chestplate":1,"minecraft:dirt":20,"minecraft:carrot":3,"minecraft:snowball":16,"born_in_chaos_v1:corpse_maggot":1,"born_in_chaos_v1:smoked_flesh":6,"minecraft:lava_bucket":3,"minecraft:bookshelf":1,"minecraft:stone_brick_stairs":1,"minecraft:stone_bricks":2,"minecraft:stripped_spruce_wood":4,"minecraft:potato":6,"minecraft:water_bucket":12,"minecraft:mossy_stone_bricks":3,"minecraft:stone_pickaxe":311,"minecraft:baked_potato":1,"minecraft:oak_planks":28,"minecraft:wooden_pickaxe":10,"minecraft:chainmail_helmet":1,"minecraft:blue_bed":1,"minecraft:cookie":4,"minecraft:golden_apple":1,"minecraft:crafting_table":5,"minecraft:cod":4,"minecraft:apple":2,"minecraft:bread":18,"minecraft:iron_pickaxe":33,"minecraft:spruce_trapdoor":1,"minecraft:golden_leggings":1,"minecraft:stone_axe":113,"minecraft:fishing_rod":1,"minecraft:enchanted_book":2,"minecraft:cobblestone":67,"quark:spruce_ladder":34,"minecraft:andesite":1,"minecraft:bucket":16,"minecraft:experience_bottle":1,"spore:cdu":1},"minecraft:broken":{"minecraft:leather_helmet":1,"minecraft:stone_pickaxe":2}},"DataVersion":3120}