{"stats":{"minecraft:killed":{"minecraft:spider":7,"minecraft:zoglin":1,"minecraft:skeleton":18,"minecraft:chicken":6,"minecraft:pig":2,"minecraft:polar_bear":3,"minecraft:sheep":1,"difficult_spawners:evil_spirit":14,"minecraft:zombie":16},"minecraft:killed_by":{"difficult_spawners:evil_spirit":1,"minecraft:skeleton":2,"minecraft:zombie":5,"graveyard:revenant":1},"minecraft:mined":{"minecraft:spruce_planks":6,"regions_unexplored:dead_pine_shrub":1,"minecraft:mossy_stone_brick_slab":1,"minecraft:granite":1,"minecraft:spruce_trapdoor":1,"minecraft:spruce_fence":2,"minecraft:grass_block":2,"quark:green_corundum_cluster":1,"minecraft:spruce_leaves":5,"minecraft:spawner":4,"minecraft:hay_block":6,"minecraft:iron_ore":8,"minecraft:barrel":5,"minecraft:fire":3,"spore:cdu":2,"immersiveengineering:deepslate_ore_silver":1,"minecraft:stripped_spruce_log":6,"treechop:chopped_log":3,"minecraft:dark_oak_stairs":2,"minecraft:mossy_stone_brick_stairs":2,"minecraft:deepslate_iron_ore":1,"minecraft:bookshelf":18,"minecraft:iron_bars":2,"realmrpg_skeletons:arrow_skeleton":1,"minecraft:spruce_wood":2,"minecraft:stone":166,"spore:lab_block":1,"minecraft:spruce_slab":20,"immersiveengineering:ore_aluminum":3,"minecraft:red_wool":3,"supplementaries:book_pile":2,"minecraft:stripped_dark_oak_log":2,"minecraft:stone_brick_slab":1,"sons_of_sins:sin_apple":1,"minecraft:dandelion":1,"minecraft:spruce_door":1,"minecraft:crafting_table":2,"minecraft:torch":8,"undead_unleashed:grave_soil":2,"minecraft:jungle_stairs":1,"minecraft:oak_wood":2,"undead_unleashed:mossy_shaded_bricks":1,"minecraft:poppy":2,"minecraft:chest":7,"minecraft:copper_ore":12,"minecraft:tall_grass":1,"minecraft:cobblestone":60,"minecraft:oak_planks":3,"minecraft:bricks":1,"minecraft:blue_bed":1,"minecraft:diorite":10,"minecraft:wall_torch":16,"minecraft:chain":3,"minecraft:dark_oak_slab":1,"minecraft:stripped_spruce_wood":4,"minecraft:lapis_block":1,"minecraft:spruce_log":13,"quark:spruce_ladder":2,"realmrpg_skeletons:acrobat_skeleton":1,"minecraft:red_wall_banner":1,"minecraft:stone_brick_stairs":3,"minecraft:grass":9,"minecraft:oak_log":14,"minecraft:coal_ore":90,"minecraft:dark_oak_button":2,"regions_unexplored:peat_dirt":1,"minecraft:dirt":17,"minecraft:cobweb":12,"minecraft:stone_bricks":20,"minecraft:stonecutter":1,"minecraft:mossy_stone_bricks":9,"quark:violet_corundum_cluster":1,"minecraft:oak_leaves":2,"minecraft:dark_oak_planks":4},"minecraft:crafted":{"minecraft:oak_planks":60,"minecraft:stone_pickaxe":3,"minecraft:chest":1,"spore:lab_block1":1,"minecraft:crafting_table":3,"minecraft:spruce_planks":112,"minecraft:wooden_pickaxe":1,"butchersdelight:cleaver":1,"quark:spruce_ladder":40,"minecraft:stone_axe":2,"minecraft:bread":18,"minecraft:shield":2,"minecraft:iron_ingot":1,"minecraft:stick":88,"minecraft:iron_pickaxe":1,"minecraft:stone_sword":1,"minecraft:torch":80},"minecraft:dropped":{"minecraft:water_bucket":1,"minecraft:enchanted_book":1,"minecraft:bread":10,"quark:green_corundum_cluster":2,"minecraft:wheat_seeds":2,"minecraft:golden_helmet":2,"minecraft:cobblestone":118,"minecraft:book":5,"minecraft:granite":2,"minecraft:spruce_stairs":9,"minecraft:rail":2,"minecraft:chainmail_helmet":1,"minecraft:leather_helmet":3,"minecraft:stick":11,"minecraft:cobweb":6,"quark:violet_corundum_cluster":1,"sons_of_sins:rotten_apple":1,"minecraft:leather_horse_armor":1,"minecraft:torch":28,"minecraft:map":1,"minecraft:gold_nugget":5,"minecraft:iron_pickaxe":3,"minecraft:paper":1,"minecraft:white_wool":1,"minecraft:bone":13,"minecraft:spruce_sapling":10,"minecraft:stone_brick_slab":1,"minecraft:snow_block":1,"minecraft:bricks":2,"minecraft:stone_axe":4,"tarotcards:the_high_priestess":2,"minecraft:compass":1,"immersiveengineering:raw_silver":1,"minecraft:iron_nugget":2,"butchersdelight:deadsheep":1,"born_in_chaos_v1:fire_dust":1,"minecraft:stone_sword":3,"butchersdelight:cleaver":1,"minecraft:wheat":3,"minecraft:rotten_flesh":32,"minecraft:wither_skeleton_skull":2,"minecraft:oak_planks":23,"immersiveengineering:raw_aluminum":2,"minecraft:white_bed":1,"minecraft:carrot":5,"minecraft:flint_and_steel":1,"minecraft:filled_map":1,"minecraft:poppy":6,"minecraft:leather_chestplate":1,"minecraft:iron_chestplate":1,"minecraft:spruce_trapdoor":1,"minecraft:spruce_planks":64,"minecraft:jungle_stairs":1,"minecraft:mossy_stone_bricks":1,"minecraft:chest":1,"minecraft:spruce_log":11,"minecraft:leather_leggings":2,"minecraft:spider_eye":4,"minecraft:stone_bricks":4,"minecraft:spruce_slab":6,"minecraft:bow":1,"minecraft:arrow":2,"minecraft:wooden_pickaxe":2,"minecraft:stone_brick_stairs":2,"immersiveengineering:seed":4},"minecraft:picked_up":{"minecraft:crafting_table":2,"minecraft:fishing_rod":1,"spore:lab_block":1,"minecraft:iron_chestplate":2,"minecraft:wheat":2,"minecraft:chicken":1,"minecraft:leather_leggings":2,"quark:spruce_ladder":10,"minecraft:wooden_pickaxe":1,"minecraft:enchanted_book":2,"minecraft:stone_brick_stairs":5,"minecraft:chain":3,"minecraft:lapis_block":1,"minecraft:raw_copper":42,"minecraft:string":42,"minecraft:red_bed":1,"minecraft:compass":2,"minecraft:armor_stand":1,"minecraft:gold_nugget":1,"minecraft:bucket":1,"minecraft:spruce_planks":16,"undead_unleashed:grave_metal_sword":1,"minecraft:poppy":6,"minecraft:iron_nugget":1,"minecraft:iron_pickaxe":3,"minecraft:spruce_slab":47,"minecraft:chest":8,"minecraft:spruce_trapdoor":5,"minecraft:golden_helmet":2,"minecraft:stick":19,"minecraft:raw_iron":15,"quark:green_corundum_cluster":2,"minecraft:torch":26,"minecraft:spruce_stairs":9,"born_in_chaos_v1:pileof_dark_metal":1,"tarotcards:the_high_priestess":2,"minecraft:cookie":4,"minecraft:diorite":14,"minecraft:carrot":3,"minecraft:dark_oak_planks":5,"sons_of_sins:rotten_apple":1,"butchersdelight:deadsheep":2,"minecraft:stone_sword":3,"minecraft:arrow":25,"minecraft:weeping_vines":2,"minecraft:rotten_flesh":44,"minecraft:jungle_stairs":2,"quark:violet_corundum_cluster":1,"minecraft:hay_block":6,"minecraft:white_wool":1,"supplementaries:ash":7,"minecraft:leather_horse_armor":2,"minecraft:blaze_rod":2,"minecraft:rail":5,"minecraft:cod":4,"minecraft:skeleton_skull":1,"minecraft:snowball":29,"minecraft:blaze_powder":2,"minecraft:cobblestone":356,"spore:cdu":3,"born_in_chaos_v1:corpse_maggot":1,"minecraft:leather_chestplate":2,"minecraft:andesite":1,"minecraft:golden_leggings":1,"butchersdelight:deadpig":3,"minecraft:potato":3,"minecraft:filled_map":2,"minecraft:stripped_spruce_wood":7,"minecraft:oak_log":13,"minecraft:chainmail_chestplate":1,"minecraft:gunpowder":3,"minecraft:wither_skeleton_skull":2,"minecraft:paper":1,"minecraft:map":1,"minecraft:blue_bed":1,"minecraft:dirt":20,"butchersdelight:deadchiken":8,"minecraft:cooked_mutton":2,"minecraft:leather_boots":1,"minecraft:red_carpet":6,"minecraft:bone":53,"minecraft:apple":2,"minecraft:stone_bricks":21,"minecraft:stonecutter":1,"minecraft:bow":5,"minecraft:wheat_seeds":25,"ftbquests:book":1,"born_in_chaos_v1:smoked_flesh":1,"minecraft:iron_ingot":15,"minecraft:stone_pickaxe":1,"minecraft:mossy_stone_bricks":10,"minecraft:diamond_helmet":1,"minecraft:iron_sword":1,"minecraft:oak_planks":26,"minecraft:mossy_stone_brick_stairs":1,"minecraft:dark_oak_stairs":1,"minecraft:book":95,"minecraft:dark_oak_slab":5,"minecraft:stone_brick_slab":1,"immersiveengineering:raw_aluminum":2,"undead_unleashed:grave_metal_leggings":1,"minecraft:spruce_sapling":10,"undead_unleashed:grave_metal_scrap":30,"minecraft:stripped_spruce_log":5,"minecraft:red_banner":1,"minecraft:spruce_log":42,"minecraft:spruce_door":2,"minecraft:spider_eye":7,"minecraft:barrel":5,"minecraft:leather_helmet":5,"minecraft:oak_wood":2,"minecraft:pumpkin_seeds":31,"immersiveengineering:seed":4,"minecraft:stone_axe":4,"minecraft:iron_helmet":2,"minecraft:granite":3,"minecraft:chainmail_helmet":1,"minecraft:bread":1,"minecraft:baked_potato":1,"immersiveengineering:raw_silver":1,"minecraft:stripped_dark_oak_log":2,"minecraft:bricks":2,"minecraft:coal":193},"minecraft:custom":{"minecraft:interact_with_anvil":2,"minecraft:mob_kills":83,"minecraft:interact_with_crafting_table":30,"minecraft:open_barrel":28,"minecraft:bell_ring":1,"minecraft:eat_cake_slice":5,"minecraft:leave_game":15,"minecraft:time_since_death":29068,"minecraft:climb_one_cm":23492,"minecraft:sprint_one_cm":395843,"minecraft:walk_one_cm":567088,"minecraft:damage_blocked_by_shield":660,"minecraft:drop":131,"minecraft:play_time":227770,"minecraft:deaths":11,"minecraft:sneak_time":7892,"minecraft:walk_under_water_one_cm":10662,"minecraft:jump":2368,"minecraft:walk_on_water_one_cm":14131,"minecraft:total_world_time":227770,"minecraft:interact_with_furnace":1,"minecraft:interact_with_cartography_table":2,"minecraft:time_since_rest":29104,"minecraft:damage_taken":4651,"minecraft:damage_absorbed":40,"minecraft:damage_dealt":10862,"minecraft:player_kills":2,"minecraft:swim_one_cm":4027,"minecraft:fly_one_cm":489386,"minecraft:open_chest":198,"minecraft:crouch_one_cm":14231,"minecraft:interact_with_smoker":1,"minecraft:fall_one_cm":49696,"minecraft:interact_with_smithing_table":1},"minecraft:used":{"minecraft:stone_sword":142,"minecraft:flint_and_steel":3,"minecraft:spruce_slab":8,"minecraft:chest":8,"minecraft:spruce_planks":11,"minecraft:shield":11,"minecraft:iron_sword":100,"undead_unleashed:grave_metal_sword":20,"minecraft:torch":88,"minecraft:rotten_flesh":2,"minecraft:iron_chestplate":1,"minecraft:dirt":20,"minecraft:carrot":7,"minecraft:snowball":16,"born_in_chaos_v1:corpse_maggot":1,"born_in_chaos_v1:smoked_flesh":6,"minecraft:lava_bucket":3,"minecraft:bookshelf":1,"minecraft:stone_brick_stairs":1,"minecraft:stone_bricks":2,"minecraft:potato":6,"minecraft:stripped_spruce_wood":4,"minecraft:cooked_mutton":2,"minecraft:water_bucket":21,"minecraft:mossy_stone_bricks":3,"minecraft:stone_pickaxe":369,"minecraft:baked_potato":1,"minecraft:oak_planks":28,"minecraft:wooden_pickaxe":10,"minecraft:chainmail_helmet":1,"minecraft:blue_bed":1,"minecraft:cookie":4,"minecraft:golden_apple":1,"minecraft:crafting_table":5,"minecraft:mushroom_stew":1,"minecraft:cod":4,"minecraft:apple":2,"minecraft:iron_pickaxe":48,"minecraft:bread":19,"minecraft:spruce_trapdoor":1,"minecraft:golden_leggings":1,"minecraft:stone_axe":134,"minecraft:enchanted_book":2,"minecraft:fishing_rod":1,"minecraft:cobblestone":85,"minecraft:cooked_porkchop":1,"quark:spruce_ladder":34,"minecraft:andesite":1,"minecraft:bucket":25,"spore:cdu":1,"minecraft:experience_bottle":2},"minecraft:broken":{"minecraft:leather_helmet":1,"minecraft:stone_pickaxe":2}},"DataVersion":3120}