{"stats":{"minecraft:killed":{"minecraft:polar_bear":2,"minecraft:zombie":1},"minecraft:killed_by":{"minecraft:skeleton":1,"minecraft:zombie":2},"minecraft:mined":{"minecraft:spruce_planks":5,"minecraft:dandelion":1,"minecraft:crafting_table":1,"minecraft:grass_block":1,"minecraft:poppy":2,"minecraft:chest":1,"minecraft:cobblestone":8,"minecraft:spruce_leaves":5,"minecraft:diorite":8,"minecraft:wall_torch":4,"minecraft:blue_bed":1,"minecraft:stripped_spruce_wood":2,"minecraft:iron_ore":7,"minecraft:spruce_log":2,"minecraft:stripped_spruce_log":5,"treechop:chopped_log":3,"minecraft:grass":8,"minecraft:coal_ore":81,"minecraft:dirt":15,"minecraft:stone":133},"minecraft:crafted":{"minecraft:crafting_table":1,"minecraft:spruce_planks":24,"minecraft:wooden_pickaxe":1,"minecraft:stone_axe":1,"minecraft:stick":16,"minecraft:iron_pickaxe":1,"minecraft:stone_pickaxe":2,"minecraft:stone_sword":1},"minecraft:dropped":{"minecraft:bread":1,"minecraft:cobweb":6,"minecraft:wooden_pickaxe":2},"minecraft:picked_up":{"minecraft:crafting_table":1,"minecraft:wooden_pickaxe":1,"minecraft:stripped_spruce_wood":5,"minecraft:dirt":16,"minecraft:blue_bed":1,"minecraft:red_bed":1,"minecraft:wheat_seeds":1,"minecraft:spruce_planks":5,"minecraft:poppy":2,"minecraft:chest":1,"minecraft:stick":3,"minecraft:raw_iron":7,"minecraft:torch":4,"minecraft:stripped_spruce_log":5,"undead_unleashed:grave_metal_scrap":2,"minecraft:spruce_sapling":8,"minecraft:diorite":8,"minecraft:spruce_log":19,"minecraft:spruce_door":1,"minecraft:granite":1,"minecraft:bread":1,"minecraft:snowball":29,"minecraft:coal":81,"minecraft:cod":4,"minecraft:cobblestone":140},"minecraft:used":{"minecraft:stone_sword":17,"minecraft:stone_pickaxe":215,"minecraft:spruce_planks":4,"minecraft:wooden_pickaxe":10,"minecraft:torch":5,"minecraft:dirt":5,"minecraft:crafting_table":2,"minecraft:bread":4,"minecraft:iron_pickaxe":24,"minecraft:stone_axe":29,"minecraft:cobblestone":26,"minecraft:potato":1,"minecraft:stripped_spruce_wood":2},"minecraft:custom":{"minecraft:interact_with_smithing_table":1,"minecraft:mob_kills":4,"minecraft:interact_with_crafting_table":6,"minecraft:interact_with_cartography_table":2,"minecraft:open_barrel":4,"minecraft:leave_game":8,"minecraft:time_since_death":9905,"minecraft:time_since_rest":9933,"minecraft:sprint_one_cm":85172,"minecraft:damage_taken":1105,"minecraft:walk_one_cm":82542,"minecraft:drop":9,"minecraft:damage_dealt":1071,"minecraft:fly_one_cm":132034,"minecraft:open_chest":9,"minecraft:crouch_one_cm":2111,"minecraft:play_time":56038,"minecraft:deaths":3,"minecraft:sneak_time":1689,"minecraft:walk_under_water_one_cm":2236,"minecraft:jump":542,"minecraft:walk_on_water_one_cm":205,"minecraft:total_world_time":56038,"minecraft:fall_one_cm":11117},"minecraft:broken":{"minecraft:stone_pickaxe":1}},"DataVersion":3120}