{"stats":{"minecraft:killed":{"minecraft:spider":1,"minecraft:skeleton":1,"minecraft:polar_bear":2,"difficult_spawners:evil_spirit":5,"minecraft:zombie":2},"minecraft:killed_by":{"minecraft:skeleton":1,"minecraft:zombie":2,"graveyard:revenant":1},"minecraft:mined":{"minecraft:spruce_planks":5,"minecraft:spruce_trapdoor":1,"minecraft:grass_block":2,"minecraft:spruce_fence":2,"minecraft:spruce_leaves":5,"minecraft:iron_ore":7,"spore:cdu":2,"minecraft:stripped_spruce_log":6,"treechop:chopped_log":3,"minecraft:bookshelf":13,"minecraft:stone":161,"spore:lab_block":1,"minecraft:spruce_slab":20,"sons_of_sins:sin_apple":1,"minecraft:stone_brick_slab":1,"minecraft:dandelion":1,"minecraft:crafting_table":1,"minecraft:torch":6,"minecraft:jungle_stairs":1,"minecraft:oak_wood":2,"minecraft:poppy":2,"minecraft:chest":4,"minecraft:cobblestone":13,"minecraft:oak_planks":3,"minecraft:diorite":10,"minecraft:blue_bed":1,"minecraft:wall_torch":13,"minecraft:stripped_spruce_wood":4,"minecraft:lapis_block":1,"quark:spruce_ladder":2,"minecraft:spruce_log":2,"minecraft:grass":8,"minecraft:coal_ore":90,"minecraft:oak_log":14,"minecraft:dark_oak_button":2,"minecraft:dirt":17,"minecraft:stone_bricks":1},"minecraft:crafted":{"minecraft:oak_planks":60,"minecraft:stone_pickaxe":3,"spore:lab_block1":1,"minecraft:crafting_table":2,"minecraft:spruce_planks":112,"minecraft:wooden_pickaxe":1,"quark:spruce_ladder":40,"minecraft:stone_axe":2,"minecraft:stick":68,"minecraft:iron_pickaxe":1,"minecraft:stone_sword":1},"minecraft:dropped":{"minecraft:water_bucket":1,"minecraft:bread":4,"minecraft:wheat_seeds":2,"minecraft:book":5,"minecraft:spruce_stairs":9,"minecraft:stick":1,"minecraft:cobweb":6,"sons_of_sins:rotten_apple":1,"minecraft:torch":7,"minecraft:map":1,"minecraft:iron_pickaxe":2,"minecraft:spruce_sapling":10,"minecraft:stone_brick_slab":1,"minecraft:bone":13,"minecraft:snow_block":1,"minecraft:stone_axe":3,"tarotcards:the_high_priestess":1,"born_in_chaos_v1:fire_dust":1,"minecraft:stone_sword":1,"minecraft:wheat":1,"minecraft:rotten_flesh":3,"minecraft:wither_skeleton_skull":1,"minecraft:white_bed":1,"minecraft:filled_map":1,"minecraft:poppy":6,"minecraft:spruce_planks":60,"minecraft:jungle_stairs":1,"minecraft:stone_bricks":2,"minecraft:spider_eye":3,"minecraft:spruce_slab":6,"minecraft:wooden_pickaxe":2},"minecraft:picked_up":{"spore:lab_block":1,"minecraft:crafting_table":1,"quark:spruce_ladder":10,"minecraft:wooden_pickaxe":1,"minecraft:lapis_block":1,"minecraft:string":11,"minecraft:red_bed":1,"minecraft:compass":1,"minecraft:bucket":1,"minecraft:spruce_planks":11,"minecraft:poppy":6,"minecraft:iron_pickaxe":2,"minecraft:spruce_slab":47,"minecraft:chest":5,"minecraft:spruce_trapdoor":1,"minecraft:stick":8,"minecraft:raw_iron":14,"minecraft:torch":19,"minecraft:spruce_stairs":9,"born_in_chaos_v1:pileof_dark_metal":1,"minecraft:diorite":14,"minecraft:carrot":3,"sons_of_sins:rotten_apple":1,"minecraft:stone_sword":2,"minecraft:arrow":4,"minecraft:rotten_flesh":5,"minecraft:jungle_stairs":2,"minecraft:leather_horse_armor":2,"minecraft:blaze_rod":2,"minecraft:snowball":29,"minecraft:cod":4,"minecraft:blaze_powder":2,"minecraft:cobblestone":311,"spore:cdu":2,"minecraft:andesite":1,"minecraft:potato":3,"minecraft:filled_map":2,"minecraft:stripped_spruce_wood":7,"minecraft:oak_log":13,"minecraft:gunpowder":1,"minecraft:wither_skeleton_skull":1,"minecraft:map":1,"minecraft:blue_bed":1,"minecraft:dirt":20,"minecraft:bone":22,"minecraft:apple":2,"minecraft:stone_bricks":2,"minecraft:wheat_seeds":25,"ftbquests:book":1,"born_in_chaos_v1:smoked_flesh":1,"minecraft:iron_ingot":1,"minecraft:stone_pickaxe":1,"minecraft:oak_planks":3,"minecraft:book":83,"minecraft:stone_brick_slab":1,"minecraft:stripped_spruce_log":5,"undead_unleashed:grave_metal_scrap":2,"minecraft:spruce_sapling":10,"minecraft:spruce_log":20,"minecraft:spider_eye":5,"minecraft:spruce_door":1,"minecraft:oak_wood":2,"minecraft:pumpkin_seeds":31,"minecraft:stone_axe":3,"minecraft:granite":1,"minecraft:bread":1,"minecraft:baked_potato":1,"minecraft:coal":193},"minecraft:used":{"spore:cdu":1,"minecraft:stone_sword":43,"minecraft:spruce_slab":8,"minecraft:spruce_planks":4,"minecraft:chest":2,"minecraft:rotten_flesh":2,"minecraft:torch":29,"minecraft:dirt":20,"minecraft:snowball":16,"born_in_chaos_v1:smoked_flesh":6,"minecraft:potato":1,"minecraft:stripped_spruce_wood":4,"minecraft:stone_pickaxe":261,"minecraft:baked_potato":1,"minecraft:oak_planks":28,"minecraft:wooden_pickaxe":10,"minecraft:blue_bed":1,"minecraft:crafting_table":3,"minecraft:cod":4,"minecraft:apple":2,"minecraft:bread":6,"minecraft:iron_pickaxe":33,"minecraft:spruce_trapdoor":1,"minecraft:stone_axe":93,"minecraft:cobblestone":47,"quark:spruce_ladder":34,"minecraft:bucket":1,"minecraft:andesite":1},"minecraft:custom":{"minecraft:interact_with_smithing_table":1,"minecraft:mob_kills":11,"minecraft:interact_with_crafting_table":19,"minecraft:open_barrel":16,"minecraft:leave_game":13,"minecraft:time_since_death":3092,"minecraft:climb_one_cm":19935,"minecraft:sprint_one_cm":153500,"minecraft:walk_one_cm":254476,"minecraft:drop":51,"minecraft:play_time":127352,"minecraft:deaths":6,"minecraft:sneak_time":5524,"minecraft:walk_under_water_one_cm":4803,"minecraft:jump":1202,"minecraft:walk_on_water_one_cm":5480,"minecraft:total_world_time":127352,"minecraft:interact_with_cartography_table":2,"minecraft:time_since_rest":3118,"minecraft:damage_taken":2250,"minecraft:damage_dealt":2162,"minecraft:swim_one_cm":1487,"minecraft:fly_one_cm":255619,"minecraft:player_kills":2,"minecraft:open_chest":63,"minecraft:crouch_one_cm":10795,"minecraft:fall_one_cm":27039},"minecraft:broken":{"minecraft:stone_pickaxe":2}},"DataVersion":3120}