{"stats":{"minecraft:killed":{"minecraft:polar_bear":2,"minecraft:skeleton":1,"difficult_spawners:evil_spirit":5,"minecraft:zombie":2},"minecraft:killed_by":{"minecraft:skeleton":1,"minecraft:zombie":2},"minecraft:mined":{"minecraft:spruce_planks":5,"minecraft:stone_brick_slab":1,"sons_of_sins:sin_apple":1,"minecraft:dandelion":1,"minecraft:crafting_table":1,"minecraft:torch":5,"minecraft:oak_wood":2,"minecraft:grass_block":2,"minecraft:poppy":2,"minecraft:chest":1,"minecraft:cobblestone":13,"minecraft:spruce_leaves":5,"minecraft:diorite":10,"minecraft:blue_bed":1,"minecraft:wall_torch":12,"minecraft:stripped_spruce_wood":4,"minecraft:iron_ore":7,"quark:spruce_ladder":1,"minecraft:spruce_log":2,"minecraft:stripped_spruce_log":5,"treechop:chopped_log":3,"minecraft:grass":8,"minecraft:bookshelf":13,"minecraft:oak_log":14,"minecraft:coal_ore":90,"minecraft:dirt":17,"minecraft:stone_bricks":1,"minecraft:stone":161,"minecraft:spruce_slab":11},"minecraft:crafted":{"minecraft:oak_planks":8,"minecraft:crafting_table":2,"minecraft:spruce_planks":52,"minecraft:wooden_pickaxe":1,"quark:spruce_ladder":40,"minecraft:stone_axe":2,"minecraft:stick":68,"minecraft:iron_pickaxe":1,"minecraft:stone_pickaxe":3,"minecraft:stone_sword":1},"minecraft:dropped":{"minecraft:snow_block":1,"minecraft:bread":4,"minecraft:stone_axe":1,"minecraft:wheat_seeds":2,"born_in_chaos_v1:fire_dust":1,"minecraft:rotten_flesh":1,"minecraft:wither_skeleton_skull":1,"minecraft:cobweb":6,"minecraft:poppy":6,"sons_of_sins:rotten_apple":1,"minecraft:stone_bricks":2,"minecraft:spruce_slab":2,"minecraft:wooden_pickaxe":2,"minecraft:iron_pickaxe":1,"minecraft:spruce_sapling":10,"minecraft:stone_brick_slab":1},"minecraft:picked_up":{"minecraft:crafting_table":1,"quark:spruce_ladder":1,"minecraft:wooden_pickaxe":1,"minecraft:potato":3,"minecraft:stripped_spruce_wood":7,"minecraft:oak_log":13,"minecraft:wither_skeleton_skull":1,"minecraft:blue_bed":1,"minecraft:dirt":20,"minecraft:red_bed":1,"minecraft:bone":2,"minecraft:apple":2,"minecraft:stone_bricks":2,"minecraft:wheat_seeds":3,"minecraft:bucket":1,"minecraft:spruce_planks":5,"born_in_chaos_v1:smoked_flesh":1,"minecraft:poppy":6,"minecraft:spruce_slab":12,"minecraft:chest":2,"minecraft:book":39,"minecraft:raw_iron":7,"minecraft:stick":5,"minecraft:stone_brick_slab":1,"minecraft:torch":17,"undead_unleashed:grave_metal_scrap":2,"minecraft:stripped_spruce_log":5,"minecraft:spruce_sapling":10,"minecraft:diorite":14,"minecraft:spruce_log":20,"minecraft:spruce_door":1,"sons_of_sins:rotten_apple":1,"minecraft:oak_wood":2,"minecraft:arrow":2,"minecraft:rotten_flesh":3,"minecraft:granite":1,"minecraft:bread":1,"minecraft:baked_potato":1,"minecraft:cod":4,"minecraft:coal":89,"minecraft:snowball":29,"minecraft:cobblestone":170},"minecraft:used":{"minecraft:stone_sword":34,"minecraft:stone_pickaxe":261,"minecraft:baked_potato":1,"minecraft:chest":2,"minecraft:wooden_pickaxe":10,"minecraft:spruce_planks":4,"minecraft:blue_bed":1,"minecraft:rotten_flesh":2,"minecraft:torch":17,"minecraft:dirt":20,"minecraft:crafting_table":3,"minecraft:cod":4,"minecraft:snowball":16,"born_in_chaos_v1:smoked_flesh":1,"minecraft:apple":2,"minecraft:bread":6,"minecraft:iron_pickaxe":29,"minecraft:stone_axe":71,"minecraft:cobblestone":47,"quark:spruce_ladder":31,"minecraft:potato":1,"minecraft:stripped_spruce_wood":4},"minecraft:custom":{"minecraft:interact_with_smithing_table":1,"minecraft:mob_kills":10,"minecraft:interact_with_crafting_table":16,"minecraft:interact_with_cartography_table":2,"minecraft:open_barrel":9,"minecraft:leave_game":12,"minecraft:time_since_death":45295,"minecraft:climb_one_cm":3955,"minecraft:time_since_rest":45323,"minecraft:sprint_one_cm":128987,"minecraft:damage_taken":1325,"minecraft:walk_one_cm":171520,"minecraft:drop":29,"minecraft:damage_dealt":1678,"minecraft:swim_one_cm":796,"minecraft:fly_one_cm":211970,"minecraft:open_chest":29,"minecraft:play_time":91428,"minecraft:crouch_one_cm":2994,"minecraft:deaths":3,"minecraft:sneak_time":2282,"minecraft:walk_under_water_one_cm":2792,"minecraft:jump":936,"minecraft:walk_on_water_one_cm":597,"minecraft:total_world_time":91428,"minecraft:fall_one_cm":20987},"minecraft:broken":{"minecraft:stone_pickaxe":2}},"DataVersion":3120}