{"stats":{"minecraft:killed":{"minecraft:spider":7,"minecraft:skeleton":20,"minecraft:chicken":6,"minecraft:pig":2,"minecraft:creeper":1,"minecraft:sheep":1,"minecraft:zombie":18,"minecraft:zoglin":1,"born_in_chaos_v1:maggot":1,"graveyard:ghoul":1,"minecraft:polar_bear":3,"difficult_spawners:evil_spirit":14},"minecraft:killed_by":{"difficult_spawners:evil_spirit":1,"minecraft:creeper":1,"minecraft:zombie":5,"graveyard:revenant":1,"minecraft:player":1,"minecraft:skeleton":2},"minecraft:mined":{"minecraft:dark_oak_planks":4,"minecraft:spruce_planks":6,"regions_unexplored:dead_pine_shrub":1,"minecraft:mossy_stone_brick_slab":1,"minecraft:spruce_trapdoor":1,"minecraft:granite":1,"minecraft:grass_block":2,"quark:green_corundum_cluster":1,"minecraft:spawner":4,"minecraft:iron_ore":8,"minecraft:fire":3,"minecraft:barrel":5,"immersiveengineering:deepslate_ore_silver":1,"minecraft:dark_oak_stairs":2,"minecraft:iron_bars":2,"minecraft:spruce_wood":2,"minecraft:spruce_slab":20,"supplementaries:book_pile":3,"minecraft:torch":8,"minecraft:jungle_stairs":1,"undead_unleashed:grave_soil":2,"minecraft:poppy":2,"minecraft:chest":7,"minecraft:cobblestone":68,"minecraft:bricks":1,"minecraft:oak_planks":3,"minecraft:wall_torch":16,"minecraft:chain":3,"minecraft:dark_oak_slab":1,"minecraft:lapis_block":1,"realmrpg_skeletons:acrobat_skeleton":1,"minecraft:stone_brick_stairs":3,"minecraft:grass":9,"minecraft:oak_log":14,"regions_unexplored:peat_dirt":1,"minecraft:dirt":17,"minecraft:stonecutter":1,"minecraft:oak_leaves":2,"minecraft:spruce_fence":2,"minecraft:spruce_leaves":5,"minecraft:hay_block":6,"spore:cdu":2,"minecraft:stripped_spruce_log":6,"treechop:chopped_log":3,"minecraft:mossy_stone_brick_stairs":2,"minecraft:bookshelf":18,"minecraft:deepslate_iron_ore":1,"minecraft:vine":1,"realmrpg_skeletons:arrow_skeleton":1,"minecraft:stone":168,"immersiveengineering:ore_aluminum":3,"spore:lab_block":1,"minecraft:red_wool":3,"minecraft:stripped_dark_oak_log":2,"minecraft:stone_brick_slab":1,"sons_of_sins:sin_apple":1,"minecraft:spruce_door":1,"minecraft:dandelion":1,"minecraft:crafting_table":2,"minecraft:oak_wood":2,"undead_unleashed:mossy_shaded_bricks":1,"minecraft:tall_grass":1,"minecraft:copper_ore":12,"minecraft:diorite":10,"minecraft:blue_bed":1,"minecraft:stripped_spruce_wood":4,"quark:spruce_ladder":2,"minecraft:spruce_log":13,"minecraft:red_wall_banner":1,"minecraft:dark_oak_button":2,"minecraft:coal_ore":90,"minecraft:cobweb":12,"minecraft:stone_bricks":20,"minecraft:mossy_stone_bricks":9,"quark:violet_corundum_cluster":1},"minecraft:crafted":{"minecraft:oak_planks":60,"minecraft:cooked_chicken":7,"butchersdelightfoods:cooked_ham":1,"butchersdelightfoods:cookedporkribs":2,"minecraft:chest":1,"minecraft:crafting_table":4,"minecraft:spruce_planks":124,"minecraft:wooden_pickaxe":1,"minecraft:copper_ingot":23,"butchersdelight:cleaver":1,"butchersdelightfoods:cookedsheeprack":1,"minecraft:shield":2,"minecraft:stick":88,"minecraft:iron_pickaxe":1,"minecraft:iron_ingot":1,"minecraft:stone_sword":1,"minecraft:stone_pickaxe":3,"spore:lab_block1":1,"undead_unleashed:grave_metal_ingot":3,"quark:spruce_ladder":40,"minecraft:stone_axe":2,"minecraft:bread":18,"minecraft:air":0,"minecraft:torch":80,"undead_unleashed:grave_metal_axe":1},"minecraft:dropped":{"quark:green_corundum_cluster":2,"minecraft:rail":2,"minecraft:leather_helmet":3,"quark:violet_corundum_cluster":1,"minecraft:gold_nugget":5,"minecraft:iron_pickaxe":3,"ftbquests:book":2,"minecraft:white_wool":1,"minecraft:bone":15,"minecraft:stone_axe":6,"minecraft:compass":1,"minecraft:iron_nugget":2,"minecraft:cooked_chicken":2,"born_in_chaos_v1:fire_dust":1,"minecraft:wheat":3,"immersiveengineering:raw_silver":1,"butchersdelight:deadsheep":1,"butchersdelight:cleaver":1,"minecraft:rotten_flesh":32,"minecraft:oak_planks":23,"immersiveengineering:raw_aluminum":2,"minecraft:white_bed":1,"minecraft:carrot":5,"minecraft:poppy":6,"minecraft:leather_chestplate":1,"butchersdelightfoods:cookedporkribs":1,"minecraft:jungle_stairs":1,"minecraft:chest":1,"minecraft:leather_leggings":2,"minecraft:spruce_slab":6,"minecraft:iron_bars":1,"minecraft:arrow":2,"minecraft:stone_brick_stairs":2,"immersiveengineering:seed":4,"minecraft:iron_ingot":1,"minecraft:enchanted_book":2,"minecraft:water_bucket":1,"minecraft:bread":10,"minecraft:wheat_seeds":2,"minecraft:golden_helmet":2,"butchersdelight:sheephide":2,"minecraft:feather":13,"minecraft:cobblestone":118,"minecraft:book":5,"minecraft:granite":2,"minecraft:spruce_stairs":9,"minecraft:chainmail_helmet":1,"minecraft:stick":11,"minecraft:cobweb":6,"sons_of_sins:rotten_apple":1,"minecraft:torch":29,"minecraft:leather_horse_armor":1,"minecraft:map":1,"minecraft:paper":4,"butchersdelight:deadpig":3,"minecraft:spruce_sapling":10,"minecraft:stone_brick_slab":1,"minecraft:snow_block":1,"butchersdelight:deadchiken":7,"minecraft:bricks":2,"tarotcards:the_high_priestess":3,"minecraft:stone_sword":3,"minecraft:raw_iron":2,"minecraft:wither_skeleton_skull":2,"minecraft:name_tag":12,"minecraft:flint_and_steel":3,"minecraft:filled_map":1,"minecraft:shield":1,"minecraft:spruce_trapdoor":1,"minecraft:spruce_planks":72,"minecraft:iron_chestplate":1,"minecraft:mossy_stone_bricks":1,"minecraft:stone_bricks":4,"minecraft:spider_eye":4,"minecraft:spruce_log":11,"minecraft:bow":2,"minecraft:wooden_pickaxe":2},"minecraft:picked_up":{"minecraft:iron_chestplate":2,"minecraft:wheat":2,"quark:spruce_ladder":10,"minecraft:enchanted_book":4,"minecraft:stone_brick_stairs":5,"minecraft:lapis_block":1,"minecraft:string":44,"minecraft:raw_copper":42,"minecraft:armor_stand":1,"butchersdelight:cleaver":1,"minecraft:gold_nugget":1,"minecraft:bucket":1,"minecraft:spruce_planks":16,"undead_unleashed:grave_metal_sword":1,"minecraft:iron_pickaxe":3,"minecraft:golden_helmet":2,"minecraft:stick":19,"minecraft:torch":33,"minecraft:spruce_stairs":9,"born_in_chaos_v1:pileof_dark_metal":1,"tarotcards:the_high_priestess":3,"minecraft:diorite":14,"minecraft:stone_sword":3,"minecraft:rotten_flesh":47,"quark:violet_corundum_cluster":1,"butchersdelightfoods:ham":1,"supplementaries:ash":7,"minecraft:leather_horse_armor":2,"minecraft:blaze_rod":2,"minecraft:iron_bars":1,"minecraft:snowball":29,"minecraft:cod":4,"minecraft:blaze_powder":2,"minecraft:cobblestone":372,"minecraft:leather_chestplate":2,"minecraft:feather":13,"minecraft:andesite":1,"minecraft:golden_leggings":1,"minecraft:potato":3,"butchersdelight:deadpig":6,"minecraft:stripped_spruce_wood":7,"minecraft:wither_skeleton_skull":2,"minecraft:map":1,"minecraft:dirt":20,"minecraft:name_tag":12,"minecraft:leather_boots":1,"minecraft:bone":59,"minecraft:bow":5,"minecraft:stonecutter":1,"minecraft:wheat_seeds":25,"ftbquests:book":2,"minecraft:mossy_stone_bricks":10,"minecraft:diamond_helmet":1,"minecraft:oak_planks":26,"minecraft:mossy_stone_brick_stairs":1,"undead_unleashed:grave_metal_leggings":1,"immersiveengineering:raw_aluminum":2,"minecraft:stripped_spruce_log":5,"minecraft:barrel":5,"minecraft:granite":3,"minecraft:bread":1,"minecraft:chainmail_helmet":1,"minecraft:bricks":2,"minecraft:fishing_rod":1,"spore:lab_block":1,"minecraft:crafting_table":2,"minecraft:chicken":8,"minecraft:ladder":2,"minecraft:leather_leggings":2,"minecraft:wooden_pickaxe":1,"minecraft:chain":3,"minecraft:shield":1,"minecraft:red_bed":1,"minecraft:flint_and_steel":1,"minecraft:compass":2,"minecraft:iron_nugget":1,"minecraft:poppy":6,"minecraft:spruce_slab":47,"minecraft:chest":8,"butchersdelightfoods:porkribs":4,"minecraft:spruce_trapdoor":5,"minecraft:raw_iron":16,"quark:green_corundum_cluster":2,"minecraft:cookie":4,"minecraft:carrot":3,"minecraft:dark_oak_planks":5,"sons_of_sins:rotten_apple":1,"minecraft:weeping_vines":2,"minecraft:arrow":26,"butchersdelight:deadsheep":2,"minecraft:jungle_stairs":2,"minecraft:hay_block":6,"butchersdelightfoods:sheeprack":1,"minecraft:skeleton_skull":1,"minecraft:rail":5,"minecraft:white_wool":1,"spore:cdu":3,"born_in_chaos_v1:corpse_maggot":1,"minecraft:filled_map":2,"minecraft:oak_log":14,"minecraft:chainmail_chestplate":1,"minecraft:gunpowder":3,"minecraft:blue_bed":1,"minecraft:paper":4,"butchersdelight:deadchiken":15,"minecraft:cooked_mutton":2,"minecraft:red_carpet":6,"minecraft:apple":2,"minecraft:stone_bricks":21,"minecraft:iron_ingot":16,"born_in_chaos_v1:smoked_flesh":1,"minecraft:stone_pickaxe":1,"minecraft:cooked_chicken":2,"minecraft:iron_sword":1,"minecraft:dark_oak_stairs":1,"minecraft:book":95,"minecraft:dark_oak_slab":5,"minecraft:stone_brick_slab":1,"minecraft:red_banner":1,"undead_unleashed:grave_metal_scrap":34,"minecraft:spruce_sapling":11,"minecraft:spruce_log":42,"minecraft:spider_eye":7,"minecraft:spruce_door":2,"minecraft:leather_helmet":5,"minecraft:oak_wood":2,"butchersdelight:sheephide":2,"minecraft:pumpkin_seeds":31,"immersiveengineering:seed":4,"minecraft:stone_axe":5,"minecraft:iron_helmet":2,"minecraft:baked_potato":1,"minecraft:stripped_dark_oak_log":2,"minecraft:coal":193,"immersiveengineering:raw_silver":1},"minecraft:custom":{"minecraft:interact_with_crafting_table":37,"minecraft:open_barrel":28,"minecraft:bell_ring":1,"minecraft:eat_cake_slice":5,"minecraft:leave_game":15,"minecraft:time_since_death":700,"minecraft:sprint_one_cm":422305,"minecraft:damage_blocked_by_shield":1930,"minecraft:drop":161,"minecraft:play_time":251770,"minecraft:deaths":14,"minecraft:jump":2595,"minecraft:walk_on_water_one_cm":20277,"minecraft:interact_with_furnace":31,"minecraft:interact_with_cartography_table":2,"minecraft:damage_dealt":12092,"minecraft:player_kills":3,"minecraft:crouch_one_cm":16124,"minecraft:interact_with_smoker":1,"minecraft:interact_with_smithing_table":1,"minecraft:mob_kills":87,"minecraft:interact_with_anvil":2,"minecraft:climb_one_cm":26736,"minecraft:walk_one_cm":617221,"minecraft:sneak_time":8498,"minecraft:walk_under_water_one_cm":21643,"minecraft:total_world_time":251770,"minecraft:time_since_rest":725,"minecraft:damage_taken":6079,"minecraft:damage_absorbed":40,"minecraft:swim_one_cm":4027,"minecraft:fly_one_cm":512958,"minecraft:open_chest":198,"minecraft:fall_one_cm":56658},"minecraft:used":{"spore:cdu":1,"minecraft:spruce_slab":8,"minecraft:chest":8,"minecraft:shield":30,"minecraft:iron_sword":105,"minecraft:rotten_flesh":2,"undead_unleashed:grave_metal_sword":20,"minecraft:iron_chestplate":1,"minecraft:carrot":7,"undead_unleashed:grave_metal_axe":14,"minecraft:snowball":16,"born_in_chaos_v1:corpse_maggot":1,"born_in_chaos_v1:smoked_flesh":6,"minecraft:lava_bucket":3,"minecraft:stone_brick_stairs":1,"minecraft:stone_bricks":2,"minecraft:potato":13,"butchersdelightfoods:cookedporkribs":1,"minecraft:stripped_spruce_wood":4,"minecraft:mossy_stone_bricks":3,"minecraft:stone_pickaxe":379,"minecraft:oak_planks":28,"minecraft:wooden_pickaxe":10,"minecraft:chainmail_helmet":1,"minecraft:blue_bed":1,"minecraft:cookie":4,"minecraft:golden_apple":1,"minecraft:glow_berries":4,"minecraft:mushroom_stew":1,"minecraft:bread":19,"minecraft:andesite":1,"minecraft:experience_bottle":2,"minecraft:stone_sword":142,"minecraft:flint_and_steel":5,"minecraft:spruce_planks":11,"minecraft:cooked_chicken":1,"minecraft:torch":91,"minecraft:dirt":20,"minecraft:bookshelf":1,"minecraft:cooked_mutton":2,"minecraft:water_bucket":47,"minecraft:baked_potato":1,"minecraft:tnt":1,"minecraft:crafting_table":6,"minecraft:cod":4,"minecraft:apple":2,"minecraft:iron_pickaxe":49,"minecraft:spruce_trapdoor":1,"minecraft:golden_leggings":1,"butchersdelightfoods:cookedsheeprack":1,"minecraft:stone_axe":134,"minecraft:fishing_rod":1,"minecraft:enchanted_book":3,"minecraft:cobblestone":85,"minecraft:cooked_porkchop":1,"quark:spruce_ladder":34,"minecraft:bucket":51},"minecraft:broken":{"minecraft:stone_pickaxe":2,"minecraft:leather_helmet":1}},"DataVersion":3120}