{"stats":{"minecraft:mined":{"minecraft:iron_ore":1,"minecraft:spruce_log":1,"minecraft:dandelion":1,"treechop:chopped_log":1,"minecraft:crafting_table":1,"minecraft:grass":8,"minecraft:grass_block":1,"minecraft:coal_ore":60,"minecraft:poppy":2,"minecraft:dirt":4,"minecraft:spruce_leaves":2,"minecraft:stone":20,"minecraft:wall_torch":4},"minecraft:crafted":{"minecraft:crafting_table":1,"minecraft:spruce_planks":20,"minecraft:stick":8,"minecraft:wooden_pickaxe":1,"minecraft:stone_pickaxe":1,"minecraft:stone_sword":1,"minecraft:stone_axe":1},"minecraft:dropped":{"minecraft:bread":1},"minecraft:picked_up":{"minecraft:crafting_table":1,"minecraft:stick":2,"minecraft:raw_iron":1,"minecraft:torch":4,"minecraft:spruce_sapling":5,"minecraft:spruce_log":5,"minecraft:dirt":5,"minecraft:wheat_seeds":1,"minecraft:bread":1,"minecraft:poppy":2,"minecraft:coal":60,"minecraft:cobblestone":20},"minecraft:used":{"minecraft:stone_sword":2,"minecraft:stone_pickaxe":76,"minecraft:bread":1,"minecraft:wooden_pickaxe":10,"minecraft:stone_axe":1,"minecraft:torch":4,"minecraft:dirt":5,"minecraft:crafting_table":1},"minecraft:custom":{"minecraft:time_since_rest":21256,"minecraft:interact_with_smithing_table":1,"minecraft:sprint_one_cm":29060,"minecraft:walk_one_cm":25095,"minecraft:drop":1,"minecraft:interact_with_crafting_table":5,"minecraft:fly_one_cm":31714,"minecraft:open_barrel":2,"minecraft:open_chest":2,"minecraft:crouch_one_cm":1070,"minecraft:play_time":21256,"minecraft:sneak_time":758,"minecraft:jump":136,"minecraft:leave_game":3,"minecraft:time_since_death":21256,"minecraft:total_world_time":21256,"minecraft:fall_one_cm":3044}},"DataVersion":3120}