{"stats":{"minecraft:killed":{"minecraft:spider":1,"minecraft:polar_bear":2,"minecraft:skeleton":1,"difficult_spawners:evil_spirit":5,"minecraft:zombie":2},"minecraft:killed_by":{"minecraft:skeleton":1,"minecraft:zombie":2,"graveyard:revenant":1},"minecraft:mined":{"minecraft:spruce_planks":5,"minecraft:stone_brick_slab":1,"sons_of_sins:sin_apple":1,"minecraft:dandelion":1,"minecraft:crafting_table":1,"minecraft:torch":6,"minecraft:spruce_fence":2,"minecraft:oak_wood":2,"minecraft:grass_block":2,"minecraft:poppy":2,"minecraft:chest":1,"minecraft:cobblestone":13,"minecraft:spruce_leaves":5,"minecraft:diorite":10,"minecraft:wall_torch":13,"minecraft:blue_bed":1,"minecraft:stripped_spruce_wood":4,"minecraft:iron_ore":7,"quark:spruce_ladder":2,"minecraft:spruce_log":2,"minecraft:stripped_spruce_log":5,"treechop:chopped_log":3,"minecraft:grass":8,"minecraft:bookshelf":13,"minecraft:oak_log":14,"minecraft:coal_ore":90,"minecraft:dirt":17,"minecraft:stone":161,"minecraft:stone_bricks":1,"minecraft:spruce_slab":19},"minecraft:crafted":{"minecraft:oak_planks":8,"minecraft:crafting_table":2,"minecraft:spruce_planks":52,"minecraft:wooden_pickaxe":1,"quark:spruce_ladder":40,"minecraft:stone_axe":2,"minecraft:stick":68,"minecraft:iron_pickaxe":1,"minecraft:stone_pickaxe":3,"minecraft:stone_sword":1},"minecraft:dropped":{"minecraft:water_bucket":1,"minecraft:snow_block":1,"minecraft:bread":4,"minecraft:stone_axe":3,"tarotcards:the_high_priestess":1,"minecraft:wheat_seeds":2,"born_in_chaos_v1:fire_dust":1,"minecraft:stone_sword":1,"minecraft:wheat":1,"minecraft:rotten_flesh":1,"minecraft:book":5,"minecraft:wither_skeleton_skull":1,"minecraft:white_bed":1,"minecraft:spruce_stairs":9,"minecraft:cobweb":6,"minecraft:poppy":6,"sons_of_sins:rotten_apple":1,"minecraft:torch":7,"minecraft:spider_eye":1,"minecraft:stone_bricks":2,"minecraft:spruce_slab":2,"minecraft:wooden_pickaxe":2,"minecraft:iron_pickaxe":2,"minecraft:bone":13,"minecraft:spruce_sapling":10,"minecraft:stone_brick_slab":1},"minecraft:picked_up":{"minecraft:crafting_table":1,"minecraft:andesite":1,"quark:spruce_ladder":3,"minecraft:wooden_pickaxe":1,"minecraft:potato":3,"minecraft:stripped_spruce_wood":7,"minecraft:oak_log":13,"minecraft:wither_skeleton_skull":1,"minecraft:dirt":20,"minecraft:blue_bed":1,"minecraft:red_bed":1,"minecraft:string":3,"minecraft:bone":17,"minecraft:apple":2,"minecraft:stone_bricks":2,"minecraft:wheat_seeds":3,"minecraft:bucket":1,"minecraft:spruce_planks":5,"born_in_chaos_v1:smoked_flesh":1,"minecraft:stone_pickaxe":1,"minecraft:poppy":6,"minecraft:iron_pickaxe":1,"minecraft:spruce_slab":43,"minecraft:chest":2,"minecraft:book":44,"minecraft:raw_iron":7,"minecraft:stick":6,"minecraft:stone_brick_slab":1,"minecraft:torch":19,"minecraft:spruce_stairs":9,"undead_unleashed:grave_metal_scrap":2,"minecraft:stripped_spruce_log":5,"minecraft:spruce_sapling":10,"minecraft:diorite":14,"minecraft:spruce_log":20,"minecraft:spruce_door":1,"minecraft:spider_eye":3,"sons_of_sins:rotten_apple":1,"minecraft:oak_wood":2,"minecraft:stone_sword":2,"minecraft:arrow":2,"minecraft:rotten_flesh":3,"minecraft:stone_axe":3,"minecraft:granite":1,"minecraft:bread":1,"minecraft:baked_potato":1,"minecraft:cod":4,"minecraft:coal":89,"minecraft:snowball":29,"minecraft:cobblestone":189},"minecraft:used":{"minecraft:stone_sword":43,"minecraft:spruce_slab":8,"minecraft:stone_pickaxe":261,"minecraft:baked_potato":1,"minecraft:wooden_pickaxe":10,"minecraft:chest":2,"minecraft:spruce_planks":4,"minecraft:blue_bed":1,"minecraft:rotten_flesh":2,"minecraft:torch":29,"minecraft:dirt":20,"minecraft:crafting_table":3,"minecraft:cod":4,"minecraft:snowball":16,"born_in_chaos_v1:smoked_flesh":2,"minecraft:apple":2,"minecraft:bread":6,"minecraft:iron_pickaxe":29,"minecraft:stone_axe":81,"minecraft:cobblestone":47,"quark:spruce_ladder":34,"minecraft:andesite":1,"minecraft:potato":1,"minecraft:stripped_spruce_wood":4},"minecraft:custom":{"minecraft:interact_with_smithing_table":1,"minecraft:mob_kills":11,"minecraft:interact_with_crafting_table":19,"minecraft:interact_with_cartography_table":2,"minecraft:open_barrel":15,"minecraft:leave_game":13,"minecraft:time_since_death":6841,"minecraft:climb_one_cm":18518,"minecraft:time_since_rest":6868,"minecraft:sprint_one_cm":133463,"minecraft:damage_taken":1760,"minecraft:walk_one_cm":223670,"minecraft:drop":42,"minecraft:damage_dealt":2162,"minecraft:player_kills":2,"minecraft:swim_one_cm":796,"minecraft:fly_one_cm":216799,"minecraft:open_chest":48,"minecraft:play_time":115352,"minecraft:crouch_one_cm":5511,"minecraft:deaths":4,"minecraft:sneak_time":3347,"minecraft:walk_under_water_one_cm":2792,"minecraft:jump":1066,"minecraft:walk_on_water_one_cm":597,"minecraft:total_world_time":115352,"minecraft:fall_one_cm":23532},"minecraft:broken":{"minecraft:stone_pickaxe":2}},"DataVersion":3120}