{"stats":{"minecraft:mined":{"minecraft:grass":8,"minecraft:grass_block":1,"minecraft:coal_ore":24,"minecraft:poppy":2,"minecraft:dirt":4,"minecraft:stone":17,"minecraft:spruce_leaves":2,"minecraft:spruce_log":1,"minecraft:dandelion":1,"treechop:chopped_log":1,"minecraft:crafting_table":1},"minecraft:crafted":{"minecraft:stone_sword":1,"minecraft:stone_axe":1,"minecraft:crafting_table":1,"minecraft:spruce_planks":20,"minecraft:stick":8,"minecraft:stone_pickaxe":1,"minecraft:wooden_pickaxe":1},"minecraft:picked_up":{"minecraft:crafting_table":1,"minecraft:stick":2,"minecraft:wheat_seeds":1,"minecraft:spruce_sapling":5,"minecraft:poppy":2,"minecraft:spruce_log":5,"minecraft:coal":24,"minecraft:dirt":5,"minecraft:cobblestone":17},"minecraft:used":{"minecraft:stone_axe":1,"minecraft:dirt":5,"minecraft:crafting_table":1,"minecraft:stone_pickaxe":36,"minecraft:wooden_pickaxe":10},"minecraft:custom":{"minecraft:time_since_rest":11693,"minecraft:crouch_one_cm":567,"minecraft:sprint_one_cm":19318,"minecraft:play_time":11693,"minecraft:walk_one_cm":7711,"minecraft:sneak_time":422,"minecraft:jump":99,"minecraft:leave_game":2,"minecraft:time_since_death":11693,"minecraft:total_world_time":11693,"minecraft:interact_with_crafting_table":5,"minecraft:fall_one_cm":2835,"minecraft:fly_one_cm":25567}},"DataVersion":3120}