{"stats":{"minecraft:mined":{"minecraft:spruce_planks":2,"minecraft:iron_ore":1,"minecraft:spruce_log":1,"minecraft:stripped_spruce_log":4,"minecraft:dandelion":1,"treechop:chopped_log":1,"minecraft:crafting_table":1,"minecraft:grass":8,"minecraft:grass_block":1,"minecraft:coal_ore":60,"minecraft:poppy":2,"minecraft:dirt":15,"minecraft:spruce_leaves":2,"minecraft:stone":82,"minecraft:diorite":8,"minecraft:blue_bed":1,"minecraft:wall_torch":4},"minecraft:crafted":{"minecraft:crafting_table":1,"minecraft:spruce_planks":24,"minecraft:stick":16,"minecraft:iron_pickaxe":1,"minecraft:wooden_pickaxe":1,"minecraft:stone_pickaxe":2,"minecraft:stone_sword":1,"minecraft:stone_axe":1},"minecraft:dropped":{"minecraft:bread":1,"minecraft:wooden_pickaxe":1},"minecraft:picked_up":{"minecraft:crafting_table":1,"minecraft:stick":2,"minecraft:raw_iron":1,"minecraft:torch":4,"minecraft:diorite":8,"minecraft:stripped_spruce_log":4,"minecraft:stripped_spruce_wood":3,"minecraft:spruce_sapling":5,"minecraft:spruce_log":5,"minecraft:blue_bed":1,"minecraft:dirt":16,"minecraft:wheat_seeds":1,"minecraft:spruce_planks":2,"minecraft:bread":1,"minecraft:poppy":2,"minecraft:coal":60,"minecraft:snowball":11,"minecraft:cobblestone":79},"minecraft:used":{"minecraft:stone_sword":2,"minecraft:stone_pickaxe":153,"minecraft:bread":4,"minecraft:spruce_planks":4,"minecraft:wooden_pickaxe":10,"minecraft:stone_axe":7,"minecraft:torch":4,"minecraft:dirt":5,"minecraft:cobblestone":12,"minecraft:crafting_table":2,"minecraft:potato":1,"minecraft:stripped_spruce_wood":2},"minecraft:custom":{"minecraft:time_since_rest":33256,"minecraft:interact_with_smithing_table":1,"minecraft:sprint_one_cm":44079,"minecraft:damage_taken":270,"minecraft:walk_one_cm":40313,"minecraft:drop":2,"minecraft:interact_with_cartography_table":2,"minecraft:interact_with_crafting_table":6,"minecraft:fly_one_cm":69700,"minecraft:open_barrel":4,"minecraft:open_chest":7,"minecraft:crouch_one_cm":1596,"minecraft:play_time":33256,"minecraft:sneak_time":1032,"minecraft:walk_under_water_one_cm":2236,"minecraft:jump":270,"minecraft:walk_on_water_one_cm":205,"minecraft:leave_game":3,"minecraft:time_since_death":33256,"minecraft:total_world_time":33256,"minecraft:fall_one_cm":5933},"minecraft:broken":{"minecraft:stone_pickaxe":1}},"DataVersion":3120}