{"stats":{"minecraft:killed":{"minecraft:spider":10,"minecraft:skeleton":22,"minecraft:chicken":6,"minecraft:pig":3,"minecraft:creeper":1,"minecraft:sheep":1,"minecraft:zombie":24,"minecraft:cow":4,"minecraft:zoglin":1,"born_in_chaos_v1:maggot":1,"graveyard:ghoul":1,"minecraft:polar_bear":3,"difficult_spawners:evil_spirit":16,"cotw:harvester":1},"minecraft:killed_by":{"difficult_spawners:evil_spirit":1,"minecraft:creeper":2,"minecraft:zombie":6,"graveyard:revenant":1,"minecraft:player":1,"minecraft:spider":1,"tenebrous_lands:wendigo":1,"minecraft:skeleton":2},"minecraft:mined":{"minecraft:dark_oak_planks":4,"minecraft:spruce_planks":6,"regions_unexplored:dead_pine_shrub":1,"minecraft:mossy_stone_brick_slab":1,"hexerei:herb_drying_rack_full":4,"minecraft:spruce_trapdoor":1,"minecraft:granite":1,"minecraft:grass_block":8,"quark:green_corundum_cluster":1,"minecraft:spawner":4,"minecraft:iron_ore":8,"minecraft:fire":3,"minecraft:barrel":5,"immersiveengineering:deepslate_ore_silver":1,"minecraft:dark_oak_stairs":2,"minecraft:iron_bars":2,"minecraft:spruce_wood":2,"minecraft:spruce_slab":20,"hexerei:herb_drying_rack":5,"supplementaries:book_pile":3,"minecraft:torch":9,"minecraft:jungle_stairs":1,"undead_unleashed:grave_soil":2,"minecraft:poppy":2,"minecraft:chest":7,"minecraft:mushroom_stem":2,"minecraft:glass":1,"minecraft:cobblestone":68,"minecraft:oak_planks":3,"minecraft:bricks":1,"minecraft:wall_torch":16,"minecraft:chain":3,"minecraft:dark_oak_slab":2,"minecraft:lapis_block":1,"realmrpg_skeletons:acrobat_skeleton":1,"minecraft:stone_brick_stairs":3,"minecraft:grass":16,"minecraft:oak_log":15,"regions_unexplored:peat_dirt":1,"minecraft:sand":63,"minecraft:dirt":23,"minecraft:stonecutter":1,"realmrpg_skeletons:unsaved_skeleton":1,"minecraft:oak_leaves":2,"minecraft:spruce_fence":2,"minecraft:spruce_leaves":11,"minecraft:hay_block":6,"spore:cdu":2,"minecraft:stripped_spruce_log":6,"treechop:chopped_log":5,"minecraft:mossy_stone_brick_stairs":2,"minecraft:bookshelf":18,"minecraft:deepslate_iron_ore":1,"minecraft:vine":2,"realmrpg_skeletons:arrow_skeleton":1,"minecraft:stone":170,"immersiveengineering:ore_aluminum":3,"spore:lab_block":1,"hexerei:flowering_lily_pad":1,"minecraft:red_wool":3,"minecraft:infested_stone_bricks":1,"minecraft:stripped_dark_oak_log":2,"minecraft:stone_brick_slab":1,"sons_of_sins:sin_apple":1,"minecraft:dandelion":1,"minecraft:spruce_door":1,"minecraft:crafting_table":2,"hexerei:mahogany_slab":1,"minecraft:oak_wood":2,"undead_unleashed:mossy_shaded_bricks":1,"minecraft:copper_ore":12,"minecraft:tall_grass":2,"minecraft:diorite":10,"minecraft:blue_bed":1,"hexerei:pestle_and_mortar":1,"minecraft:stripped_spruce_wood":4,"quark:spruce_ladder":2,"minecraft:spruce_log":13,"minecraft:red_wall_banner":1,"minecraft:coal_ore":90,"minecraft:dark_oak_button":2,"minecraft:cobweb":12,"minecraft:stone_bricks":21,"minecraft:mossy_stone_bricks":10,"quark:violet_corundum_cluster":1,"minecraft:fern":1},"minecraft:crafted":{"minecraft:oak_planks":100,"minecraft:cooked_chicken":7,"butchersdelightfoods:cooked_ham":1,"minecraft:glass":50,"butchersdelightfoods:cookedporkribs":2,"minecraft:chest":5,"travelersbackpack:iron_tier_upgrade":2,"minecraft:crafting_table":7,"minecraft:spruce_planks":156,"minecraft:wooden_pickaxe":1,"travelersbackpack:standard":2,"minecraft:copper_ingot":23,"butchersdelight:cleaver":1,"butchersdelightfoods:cookedsheeprack":1,"minecraft:shield":2,"hexerei:willow_planks":24,"minecraft:stick":96,"minecraft:iron_ingot":10,"minecraft:iron_pickaxe":1,"minecraft:stone_sword":1,"hexerei:willow_chest":2,"minecraft:furnace":1,"travelersbackpack:blank_upgrade":4,"travelersbackpack:gold_tier_upgrade":2,"aether:leather_gloves":2,"travelersbackpack:white_sleeping_bag":2,"travelersbackpack:gold":1,"minecraft:stone_pickaxe":3,"spore:lab_block1":1,"minecraft:dark_oak_planks":8,"undead_unleashed:grave_metal_ingot":3,"travelersbackpack:backpack_tank":6,"hexerei:herb_drying_rack":5,"quark:spruce_ladder":40,"minecraft:stone_axe":2,"minecraft:bread":18,"minecraft:air":0,"minecraft:white_wool":7,"minecraft:iron_shovel":1,"minecraft:torch":80,"undead_unleashed:grave_metal_axe":1},"minecraft:dropped":{"quark:green_corundum_cluster":2,"butchersdelight:dead_cow":4,"minecraft:porkchop":3,"minecraft:cooked_beef":2,"minecraft:crafting_table":2,"minecraft:cooked_porkchop":2,"hexerei:pestle_and_mortar":1,"hexerei:witch_helmet":1,"minecraft:leather":3,"travelersbackpack:iron_tier_upgrade":1,"minecraft:rail":2,"graveyard:corruption":1,"minecraft:leather_helmet":3,"minecraft:music_disc_11":1,"minecraft:gold_block":1,"quark:violet_corundum_cluster":1,"minecraft:dirt":13,"butchersdelightfoods:legcow":2,"hexerei:willow_chest":2,"minecraft:gold_nugget":5,"minecraft:amethyst_shard":3,"minecraft:iron_pickaxe":3,"ftbquests:book":2,"minecraft:white_wool":3,"minecraft:bone":20,"butchersdelight:cow_hide":6,"minecraft:stone_axe":6,"minecraft:compass":1,"minecraft:spyglass":1,"minecraft:iron_nugget":2,"minecraft:cooked_chicken":6,"born_in_chaos_v1:fire_dust":1,"immersiveengineering:raw_silver":1,"butchersdelight:cleaver":4,"butchersdelight:deadsheep":3,"minecraft:wheat":3,"minecraft:obsidian":4,"minecraft:rotten_flesh":34,"minecraft:oak_planks":27,"aether:leather_gloves":2,"immersiveengineering:raw_aluminum":2,"minecraft:white_bed":1,"minecraft:carrot":5,"minecraft:poppy":6,"travelersbackpack:gold_tier_upgrade":1,"minecraft:leather_chestplate":1,"supplementaries:ash":10,"butchersdelightfoods:cookedporkribs":1,"minecraft:jungle_stairs":1,"minecraft:leather_boots":1,"minecraft:chest":12,"minecraft:leather_leggings":2,"minecraft:spruce_slab":6,"minecraft:iron_bars":1,"minecraft:arrow":2,"minecraft:beef":1,"minecraft:glass":40,"minecraft:stone_brick_stairs":2,"immersiveengineering:seed":5,"minecraft:enchanted_book":2,"minecraft:water_bucket":1,"minecraft:bread":10,"minecraft:iron_ingot":7,"butchersdelightfoods:porkloin":4,"minecraft:wheat_seeds":3,"minecraft:golden_helmet":2,"butchersdelight:sheephide":4,"minecraft:iron_helmet":2,"minecraft:feather":13,"minecraft:cobblestone":122,"minecraft:book":5,"minecraft:granite":2,"minecraft:spruce_stairs":9,"minecraft:chainmail_helmet":1,"minecraft:coal":106,"minecraft:stick":29,"minecraft:cobweb":6,"sons_of_sins:rotten_apple":1,"minecraft:torch":29,"minecraft:leather_horse_armor":1,"minecraft:map":1,"minecraft:diamond_helmet":1,"minecraft:paper":9,"butchersdelight:deadpig":8,"minecraft:spruce_sapling":12,"minecraft:stone_brick_slab":1,"hexerei:willow_log":7,"minecraft:snow_block":1,"butchersdelight:deadchiken":7,"minecraft:bricks":2,"tarotcards:the_high_priestess":3,"hexerei:animal_fat":2,"hexerei:sage_seed":1,"minecraft:stone_sword":3,"butchersdelightfoods:porkribs":1,"minecraft:raw_iron":2,"minecraft:wither_skeleton_skull":2,"minecraft:name_tag":12,"minecraft:shears":2,"minecraft:flint_and_steel":3,"minecraft:filled_map":1,"minecraft:shield":1,"minecraft:spruce_trapdoor":1,"minecraft:spruce_planks":74,"minecraft:iron_chestplate":1,"minecraft:mossy_stone_bricks":5,"minecraft:oak_sapling":4,"minecraft:spider_eye":5,"minecraft:stone_bricks":6,"minecraft:spruce_log":11,"minecraft:bow":2,"minecraft:wooden_pickaxe":2},"minecraft:picked_up":{"minecraft:iron_chestplate":2,"minecraft:wheat":2,"butchersdelightfoods:legcow":5,"quark:spruce_ladder":10,"minecraft:enchanted_book":4,"hexerei:herb_drying_rack_full":6,"minecraft:stone_brick_stairs":5,"minecraft:lapis_block":1,"minecraft:string":81,"minecraft:raw_copper":42,"minecraft:armor_stand":1,"butchersdelight:cleaver":3,"minecraft:gold_nugget":1,"minecraft:bucket":1,"minecraft:spruce_planks":25,"undead_unleashed:grave_metal_sword":1,"minecraft:iron_pickaxe":3,"minecraft:furnace":1,"minecraft:golden_helmet":2,"minecraft:stick":24,"minecraft:torch":35,"minecraft:spruce_stairs":9,"born_in_chaos_v1:pileof_dark_metal":1,"minecraft:porkchop":5,"tarotcards:the_high_priestess":3,"minecraft:diorite":14,"minecraft:stone_sword":3,"minecraft:rotten_flesh":74,"quark:violet_corundum_cluster":1,"butchersdelightfoods:ham":2,"minecraft:iron_block":1,"hexerei:herb_drying_rack":5,"supplementaries:ash":10,"minecraft:leather_horse_armor":2,"minecraft:blaze_rod":2,"minecraft:obsidian":8,"minecraft:iron_bars":1,"minecraft:cod":4,"minecraft:snowball":29,"minecraft:blaze_powder":2,"minecraft:cobblestone":384,"minecraft:leather_chestplate":2,"butchersdelightfoods:beeftenderloin":2,"minecraft:feather":13,"minecraft:andesite":1,"minecraft:golden_leggings":1,"minecraft:potato":4,"butchersdelight:deadpig":14,"minecraft:stripped_spruce_wood":7,"minecraft:wither_skeleton_skull":2,"minecraft:map":1,"minecraft:dirt":42,"minecraft:name_tag":12,"minecraft:leather_boots":2,"minecraft:glass":29,"minecraft:bone":73,"minecraft:bow":5,"minecraft:stonecutter":1,"minecraft:wheat_seeds":26,"ftbquests:book":3,"minecraft:mossy_stone_bricks":14,"minecraft:diamond_helmet":2,"minecraft:oak_planks":26,"minecraft:mossy_stone_brick_stairs":1,"hexerei:animal_fat":5,"butchersdelight:cow_hide":12,"undead_unleashed:grave_metal_leggings":1,"butchersdelightfoods:porkloin":4,"minecraft:sand":66,"immersiveengineering:raw_aluminum":2,"minecraft:stripped_spruce_log":5,"hexerei:willow_log":13,"minecraft:barrel":5,"minecraft:granite":3,"minecraft:emerald":7,"minecraft:chainmail_helmet":1,"minecraft:bread":1,"minecraft:oak_sapling":4,"minecraft:bricks":2,"spore:lab_block":1,"minecraft:fishing_rod":1,"minecraft:crafting_table":4,"minecraft:chicken":8,"minecraft:ladder":2,"minecraft:leather_leggings":2,"minecraft:wooden_pickaxe":1,"minecraft:gold_block":1,"minecraft:chain":3,"minecraft:shield":1,"aether:leather_gloves":1,"minecraft:red_bed":1,"minecraft:flint_and_steel":1,"minecraft:compass":2,"butchersdelightfoods:cookedporkribs":1,"butchersdelight:dead_cow":5,"graveyard:corruption":1,"minecraft:beef":1,"minecraft:iron_nugget":1,"minecraft:poppy":6,"minecraft:spruce_slab":47,"butchersdelightfoods:porkribs":5,"minecraft:chest":18,"minecraft:spruce_trapdoor":5,"minecraft:raw_iron":16,"quark:green_corundum_cluster":2,"minecraft:cookie":4,"minecraft:music_disc_11":1,"minecraft:carrot":3,"minecraft:dark_oak_planks":5,"hexerei:sage_seed":1,"sons_of_sins:rotten_apple":1,"butchersdelight:deadsheep":4,"minecraft:arrow":34,"minecraft:weeping_vines":2,"minecraft:jungle_stairs":2,"minecraft:shears":1,"minecraft:hay_block":6,"butchersdelightfoods:sheeprack":1,"minecraft:gold_ingot":22,"minecraft:rail":5,"minecraft:skeleton_skull":1,"minecraft:white_wool":9,"spore:cdu":3,"born_in_chaos_v1:corpse_maggot":1,"minecraft:leather":3,"minecraft:filled_map":2,"minecraft:oak_log":26,"minecraft:chainmail_chestplate":1,"minecraft:gunpowder":4,"minecraft:blue_bed":1,"minecraft:paper":5,"butchersdelight:deadchiken":15,"minecraft:cooked_mutton":2,"minecraft:red_carpet":6,"minecraft:apple":4,"minecraft:stone_bricks":23,"hexerei:pestle_and_mortar":1,"born_in_chaos_v1:smoked_flesh":1,"minecraft:iron_ingot":39,"minecraft:stone_pickaxe":1,"minecraft:cooked_chicken":2,"minecraft:iron_sword":1,"minecraft:dark_oak_stairs":1,"minecraft:book":95,"minecraft:dark_oak_slab":5,"minecraft:stone_brick_slab":1,"minecraft:spyglass":1,"hexerei:mahogany_planks":6,"minecraft:spruce_sapling":13,"undead_unleashed:grave_metal_scrap":52,"minecraft:red_banner":1,"minecraft:spruce_log":42,"minecraft:spruce_door":2,"minecraft:spider_eye":8,"minecraft:leather_helmet":6,"butchersdelight:sheephide":4,"minecraft:oak_wood":2,"hexerei:mahogany_slab":1,"minecraft:pumpkin_seeds":31,"immersiveengineering:seed":5,"minecraft:stone_axe":5,"minecraft:iron_helmet":3,"minecraft:baked_potato":1,"minecraft:stripped_dark_oak_log":2,"minecraft:coal":320,"immersiveengineering:raw_silver":1},"minecraft:custom":{"minecraft:interact_with_crafting_table":69,"minecraft:open_barrel":28,"minecraft:bell_ring":1,"minecraft:eat_cake_slice":5,"minecraft:leave_game":21,"minecraft:time_since_death":3358,"minecraft:sprint_one_cm":600771,"minecraft:damage_blocked_by_shield":2450,"minecraft:drop":289,"minecraft:play_time":365231,"minecraft:deaths":18,"minecraft:jump":3784,"minecraft:walk_on_water_one_cm":36392,"minecraft:interact_with_furnace":50,"minecraft:interact_with_cartography_table":2,"minecraft:damage_dealt":14907,"minecraft:player_kills":3,"minecraft:crouch_one_cm":21919,"minecraft:interact_with_smoker":1,"minecraft:use_cauldron":4,"minecraft:interact_with_smithing_table":5,"minecraft:interact_with_anvil":2,"minecraft:mob_kills":104,"minecraft:fill_cauldron":2,"minecraft:climb_one_cm":30461,"minecraft:walk_one_cm":845715,"minecraft:sneak_time":11313,"minecraft:walk_under_water_one_cm":31484,"minecraft:total_world_time":365231,"minecraft:time_since_rest":3457,"minecraft:damage_taken":8069,"minecraft:damage_absorbed":40,"minecraft:swim_one_cm":31815,"minecraft:fly_one_cm":697444,"minecraft:open_chest":211,"minecraft:fall_one_cm":92971},"minecraft:used":{"spore:cdu":1,"minecraft:iron_shovel":72,"minecraft:spruce_slab":8,"minecraft:chest":8,"minecraft:shield":65,"minecraft:iron_sword":105,"minecraft:rotten_flesh":2,"undead_unleashed:grave_metal_sword":20,"minecraft:iron_chestplate":1,"minecraft:carrot":7,"undead_unleashed:grave_metal_axe":75,"minecraft:snowball":16,"minecraft:glass":1,"born_in_chaos_v1:corpse_maggot":1,"born_in_chaos_v1:smoked_flesh":6,"minecraft:lava_bucket":3,"minecraft:iron_helmet":1,"hexerei:mahogany_slab":1,"minecraft:stone_brick_stairs":1,"minecraft:stone_bricks":2,"minecraft:golden_sword":15,"minecraft:furnace":1,"minecraft:potato":13,"minecraft:stripped_spruce_wood":4,"butchersdelightfoods:cookedporkribs":2,"minecraft:mossy_stone_bricks":7,"butchersdelightfoods:coockedbeeftenderloin":2,"minecraft:stone_pickaxe":379,"minecraft:oak_planks":48,"minecraft:wooden_pickaxe":10,"minecraft:chainmail_helmet":1,"minecraft:blue_bed":1,"minecraft:cookie":4,"minecraft:golden_apple":1,"minecraft:glow_berries":4,"minecraft:mushroom_stew":1,"hexerei:willow_planks":8,"minecraft:bread":19,"butchersdelightfoods:cooked_ham":2,"minecraft:andesite":1,"minecraft:experience_bottle":2,"minecraft:stone_sword":142,"minecraft:flint_and_steel":5,"minecraft:spruce_planks":11,"butchersdelightfoods:cooked_leg_cow":1,"minecraft:cooked_chicken":3,"minecraft:torch":102,"minecraft:dirt":29,"minecraft:spyglass":1,"minecraft:chainmail_chestplate":1,"minecraft:diamond_helmet":1,"butchersdelight:cleaver":1,"minecraft:bookshelf":1,"travelersbackpack:gold":16,"hexerei:herb_drying_rack":5,"minecraft:cooked_mutton":2,"minecraft:water_bucket":55,"minecraft:baked_potato":1,"minecraft:tnt":1,"minecraft:crafting_table":9,"minecraft:cod":4,"hexerei:herb_drying_rack_full":1,"minecraft:apple":2,"minecraft:iron_pickaxe":55,"minecraft:spruce_trapdoor":1,"minecraft:enchanted_book":3,"minecraft:golden_leggings":2,"minecraft:stone_axe":134,"minecraft:fishing_rod":1,"butchersdelightfoods:cookedsheeprack":1,"minecraft:cobblestone":85,"travelersbackpack:standard":5,"minecraft:porkchop":2,"quark:spruce_ladder":34,"minecraft:cooked_porkchop":1,"minecraft:bucket":61,"minecraft:chainmail_leggings":1},"minecraft:broken":{"minecraft:stone_pickaxe":2,"undead_unleashed:grave_metal_leggings":1,"minecraft:leather_helmet":1}},"DataVersion":3120}