{"stats":{"minecraft:picked_up":{"minecraft:poppy":1,"minecraft:wheat_seeds":1},"minecraft:custom":{"minecraft:jump":38,"minecraft:time_since_rest":1462,"minecraft:crouch_one_cm":53,"minecraft:leave_game":2,"minecraft:play_time":1462,"minecraft:sprint_one_cm":9427,"minecraft:time_since_death":1462,"minecraft:walk_one_cm":1910,"minecraft:sneak_time":7,"minecraft:total_world_time":1462,"minecraft:fall_one_cm":627,"minecraft:fly_one_cm":10415},"minecraft:mined":{"minecraft:grass":8,"minecraft:poppy":2,"minecraft:dandelion":1}},"DataVersion":3120}