{
  "minecraft:recipes/woodcutting/dark_oak/dark_oak_button_from_dark_oak_planks_woodcutting": {
    "criteria": {
      "give_recipe": "2024-07-18 07:58:53 +0000"
    },
    "done": true
  },
  "ancient_manuscripts:items/acacia_binding_table": {
    "criteria": {
      "has_recipe": "2024-07-16 10:42:33 +0000"
    },
    "done": true
  },
  "minecraft:recipes/woodcutting/spruce/spruce_slab_from_spruce_stairs_woodcutting_combine": {
    "criteria": {
      "give_recipe": "2024-07-18 06:51:59 +0000",
      "has_block": "2024-07-18 06:51:59 +0000"
    },
    "done": true
  },
  "minecraft:recipes/woodcutting/birch/birch_stairs_from_birch_planks_woodcutting": {
    "criteria": {
      "give_recipe": "2024-07-18 07:27:52 +0000"
    },
    "done": true
  },
  "minecraft:recipes/woodcutting/dark_oak/dark_oak_planks_from_dark_oak_stairs_woodcutting": {
    "criteria": {
      "give_recipe": "2024-07-18 07:59:55 +0000"
    },
    "done": true
  },
  "minecraft:recipes/woodcutting/dark_oak/dark_oak_boat_from_dark_oak_planks_woodcutting": {
    "criteria": {
      "give_recipe": "2024-07-18 07:58:53 +0000"
    },
    "done": true
  },
  "naturescompass:natures_compass": {
    "criteria": {
      "has_recipe": "2024-07-16 10:42:33 +0000"
    },
    "done": true
  },
  "biomancy:biomancy/poacher": {
    "criteria": {
      "has_killed_polar_bear": "2024-07-18 06:39:56 +0000"
    },
    "done": false
  },
  "dungeons_enhanced:root": {
    "criteria": {
      "entered_ruined_building": "2024-07-18 07:27:10 +0000"
    },
    "done": true
  },
  "minecraft:recipes/woodcutting/spruce/spruce_planks_from_spruce_log_woodcutting": {
    "criteria": {
      "give_recipe": "2024-07-16 10:44:16 +0000"
    },
    "done": true
  },
  "minecraft:recipes/woodcutting/birch/birch_slab_from_birch_planks_woodcutting": {
    "criteria": {
      "give_recipe": "2024-07-18 07:27:52 +0000"
    },
    "done": true
  },
  "minecraft:recipes/woodcutting/oak/oak_boat_from_oak_planks_woodcutting": {
    "criteria": {
      "give_recipe": "2024-07-18 09:10:51 +0000"
    },
    "done": true
  },
  "minecraft:recipes/woodcutting/dark_oak/dark_oak_trapdoor_from_dark_oak_slab_woodcutting": {
    "criteria": {
      "give_recipe": "2024-07-18 07:00:25 +0000"
    },
    "done": true
  },
  "minecraft:recipes/woodcutting/birch/birch_trapdoor_from_birch_planks_woodcutting": {
    "criteria": {
      "give_recipe": "2024-07-18 07:27:52 +0000"
    },
    "done": true
  },
  "minecraft:recipes/woodcutting/birch/birch_pressure_plate_from_birch_planks_woodcutting": {
    "criteria": {
      "give_recipe": "2024-07-18 07:27:52 +0000"
    },
    "done": true
  },
  "minecraft:recipes/woodcutting/oak/oak_fence_gate_from_oak_planks_woodcutting": {
    "criteria": {
      "give_recipe": "2024-07-18 09:10:51 +0000"
    },
    "done": true
  },
  "minecraft:recipes/woodcutting/dark_oak/crafting_table_from_dark_oak_slab_woodcutting": {
    "criteria": {
      "give_recipe": "2024-07-18 07:00:25 +0000"
    },
    "done": true
  },
  "minecraft:recipes/woodcutting/dark_oak/dark_oak_slab_from_dark_oak_planks_woodcutting": {
    "criteria": {
      "give_recipe": "2024-07-18 07:58:53 +0000"
    },
    "done": true
  },
  "minecraft:recipes/woodcutting/spruce/spruce_boat_from_spruce_planks_woodcutting": {
    "criteria": {
      "give_recipe": "2024-07-16 10:44:26 +0000"
    },
    "done": true
  },
  "aquamirae:adventure/root": {
    "criteria": {
      "crafting_table": "2024-07-16 10:46:16 +0000"
    },
    "done": true
  },
  "minecraft:recipes/woodcutting/spruce/spruce_fence_from_spruce_slab_woodcutting": {
    "criteria": {
      "give_recipe": "2024-07-18 06:51:24 +0000"
    },
    "done": true
  },
  "minecraft:recipes/woodcutting/spruce/spruce_stairs_from_spruce_planks_woodcutting": {
    "criteria": {
      "give_recipe": "2024-07-16 10:44:26 +0000"
    },
    "done": true
  },
  "minecraft:story/shiny_gear": {
    "criteria": {
      "diamond_helmet": "2024-07-18 07:46:43 +0000"
    },
    "done": true
  },
  "minecraft:recipes/woodcutting/dark_oak/dark_oak_sign_from_dark_oak_planks_woodcutting": {
    "criteria": {
      "give_recipe": "2024-07-18 07:58:53 +0000"
    },
    "done": true
  },
  "minecraft:recipes/woodcutting/oak/oak_sign_from_oak_planks_woodcutting": {
    "criteria": {
      "give_recipe": "2024-07-18 09:10:51 +0000"
    },
    "done": true
  },
  "minecraft:recipes/woodcutting/spruce/chest_from_spruce_planks_woodcutting": {
    "criteria": {
      "give_recipe": "2024-07-16 10:44:26 +0000"
    },
    "done": true
  },
  "minecraft:recipes/woodcutting/dark_oak/dark_oak_fence_from_dark_oak_slab_woodcutting": {
    "criteria": {
      "give_recipe": "2024-07-18 07:00:25 +0000"
    },
    "done": true
  },
  "minecraft:recipes/woodcutting/dark_oak/barrel_from_dark_oak_slab_woodcutting": {
    "criteria": {
      "give_recipe": "2024-07-18 07:00:25 +0000"
    },
    "done": true
  },
  "minecraft:recipes/woodcutting/spruce/spruce_chest_boat_from_spruce_slab_woodcutting": {
    "criteria": {
      "give_recipe": "2024-07-18 06:51:24 +0000"
    },
    "done": true
  },
  "ancient_manuscripts:items/mangrove_binding_table": {
    "criteria": {
      "has_recipe": "2024-07-16 10:42:33 +0000"
    },
    "done": true
  },
  "minecraft:recipes/woodcutting/dark_oak/dark_oak_stairs_from_dark_oak_slab_woodcutting": {
    "criteria": {
      "give_recipe": "2024-07-18 07:00:25 +0000"
    },
    "done": true
  },
  "minecraft:recipes/woodcutting/oak/oak_slab_from_oak_planks_woodcutting": {
    "criteria": {
      "give_recipe": "2024-07-18 09:10:51 +0000"
    },
    "done": true
  },
  "minecraft:story/deflect_arrow": {
    "criteria": {
      "deflected_projectile": "2024-07-18 07:43:49 +0000"
    },
    "done": true
  },
  "minecraft:recipes/woodcutting/spruce/spruce_fence_from_spruce_planks_woodcutting": {
    "criteria": {
      "give_recipe": "2024-07-16 10:44:26 +0000"
    },
    "done": true
  },
  "minecraft:recipes/woodcutting/birch/birch_button_from_birch_planks_woodcutting": {
    "criteria": {
      "give_recipe": "2024-07-18 07:27:52 +0000"
    },
    "done": true
  },
  "minecraft:recipes/woodcutting/dark_oak/dark_oak_fence_gate_from_dark_oak_planks_woodcutting": {
    "criteria": {
      "give_recipe": "2024-07-18 07:58:53 +0000"
    },
    "done": true
  },
  "minecraft:recipes/woodcutting/dark_oak/dark_oak_sign_from_dark_oak_slab_woodcutting": {
    "criteria": {
      "give_recipe": "2024-07-18 07:00:25 +0000"
    },
    "done": true
  },
  "minecraft:recipes/woodcutting/dark_oak/dark_oak_boat_from_dark_oak_slab_woodcutting": {
    "criteria": {
      "give_recipe": "2024-07-18 07:00:25 +0000"
    },
    "done": true
  },
  "minecraft:recipes/woodcutting/spruce/spruce_stairs_from_spruce_slab_woodcutting": {
    "criteria": {
      "give_recipe": "2024-07-18 06:51:24 +0000"
    },
    "done": true
  },
  "minecraft:recipes/woodcutting/oak/oak_trapdoor_from_oak_planks_woodcutting": {
    "criteria": {
      "give_recipe": "2024-07-18 09:10:51 +0000"
    },
    "done": true
  },
  "ancient_manuscripts:items/jungle_binding_table": {
    "criteria": {
      "has_recipe": "2024-07-16 10:42:33 +0000"
    },
    "done": true
  },
  "minecraft:recipes/woodcutting/dark_oak/dark_oak_button_from_dark_oak_slab_woodcutting": {
    "criteria": {
      "give_recipe": "2024-07-18 07:00:25 +0000"
    },
    "done": true
  },
  "cataclysm:root": {
    "criteria": {
      "custom_test_name": "2024-07-16 10:42:33 +0000"
    },
    "done": true
  },
  "minecraft:recipes/woodcutting/spruce/crafting_table_from_spruce_planks_woodcutting": {
    "criteria": {
      "give_recipe": "2024-07-16 10:44:26 +0000"
    },
    "done": true
  },
  "minecraft:recipes/woodcutting/spruce/barrel_from_spruce_slab_woodcutting": {
    "criteria": {
      "give_recipe": "2024-07-18 06:51:24 +0000"
    },
    "done": true
  },
  "minecraft:recipes/woodcutting/oak/crafting_table_from_oak_planks_woodcutting": {
    "criteria": {
      "give_recipe": "2024-07-18 09:10:51 +0000"
    },
    "done": true
  },
  "minecraft:recipes/woodcutting/spruce/spruce_door_from_spruce_planks_woodcutting": {
    "criteria": {
      "give_recipe": "2024-07-16 10:44:26 +0000"
    },
    "done": true
  },
  "minecraft:husbandry/balanced_diet": {
    "criteria": {
      "cooked_beef": "2024-07-18 08:02:05 +0000",
      "baked_potato": "2024-07-18 06:38:30 +0000",
      "apple": "2024-07-18 06:45:56 +0000",
      "bread": "2024-07-18 06:32:01 +0000",
      "golden_apple": "2024-07-18 07:24:46 +0000",
      "golden_carrot": "2024-07-18 07:51:43 +0000",
      "cooked_rabbit": "2024-07-18 07:49:34 +0000",
      "cooked_chicken": "2024-07-18 08:22:27 +0000",
      "carrot": "2024-07-18 06:49:31 +0000"
    },
    "done": false
  },
  "minecraft:recipes/woodcutting/birch/birch_fence_from_birch_planks_woodcutting": {
    "criteria": {
      "give_recipe": "2024-07-18 07:27:52 +0000"
    },
    "done": true
  },
  "minecraft:recipes/woodcutting/dark_oak/chest_from_dark_oak_slab_woodcutting": {
    "criteria": {
      "give_recipe": "2024-07-18 07:00:25 +0000"
    },
    "done": true
  },
  "regions_unexplored:regions_explored": {
    "criteria": {
      "bayou": "2024-07-18 09:03:44 +0000",
      "frozen_tundra": "2024-07-18 07:32:16 +0000",
      "frozen_pine_taiga": "2024-07-18 07:32:04 +0000",
      "maple_forest": "2024-07-18 07:39:20 +0000",
      "boreal_forest": "2024-07-18 07:38:57 +0000"
    },
    "done": false
  },
  "endofherobrine:story/root": {
    "criteria": {
      "requirement": "2024-07-16 10:42:33 +0000"
    },
    "done": true
  },
  "minecraft:recipes/woodcutting/birch/barrel_from_birch_planks_woodcutting": {
    "criteria": {
      "give_recipe": "2024-07-18 07:27:52 +0000"
    },
    "done": true
  },
  "biomancy:biomancy/root": {
    "criteria": {
      "has_raw_meats": "2024-07-18 07:29:31 +0000"
    },
    "done": true
  },
  "minecraft:recipes/woodcutting/dark_oak/barrel_from_dark_oak_planks_woodcutting": {
    "criteria": {
      "give_recipe": "2024-07-18 07:58:53 +0000"
    },
    "done": true
  },
  "minecraft:recipes/woodcutting/oak/oak_stairs_from_oak_planks_woodcutting": {
    "criteria": {
      "give_recipe": "2024-07-18 09:10:51 +0000"
    },
    "done": true
  },
  "minecraft:recipes/woodcutting/dark_oak/dark_oak_chest_boat_from_dark_oak_slab_woodcutting": {
    "criteria": {
      "give_recipe": "2024-07-18 07:00:25 +0000"
    },
    "done": true
  },
  "minecraft:recipes/woodcutting/oak/oak_planks_from_oak_log_woodcutting": {
    "criteria": {
      "give_recipe": "2024-07-18 09:10:48 +0000"
    },
    "done": true
  },
  "minecraft:story/iron_tools": {
    "criteria": {
      "iron_pickaxe": "2024-07-18 06:30:25 +0000"
    },
    "done": true
  },
  "undead_unleashed:boo": {
    "criteria": {
      "boo": "2024-07-18 07:41:55 +0000"
    },
    "done": true
  },
  "naturescompass:natures_compass_sapling": {
    "criteria": {
      "has_recipe": "2024-07-16 10:42:33 +0000"
    },
    "done": true
  },
  "ancient_manuscripts:items/dark_oak_binding_table": {
    "criteria": {
      "has_recipe": "2024-07-16 10:42:33 +0000"
    },
    "done": true
  },
  "minecraft:recipes/woodcutting/spruce/spruce_planks_from_stripped_spruce_log_woodcutting": {
    "criteria": {
      "give_recipe": "2024-07-18 06:02:26 +0000"
    },
    "done": true
  },
  "minecraft:recipes/woodcutting/birch/birch_sign_from_birch_planks_woodcutting": {
    "criteria": {
      "give_recipe": "2024-07-18 07:27:52 +0000"
    },
    "done": true
  },
  "ancient_manuscripts:items/oak_binding_table": {
    "criteria": {
      "has_recipe": "2024-07-16 10:42:33 +0000"
    },
    "done": true
  },
  "minecraft:story/root": {
    "criteria": {
      "crafting_table": "2024-07-16 10:46:16 +0000"
    },
    "done": true
  },
  "regions_unexplored:pioneer": {
    "criteria": {
      "bayou": "2024-07-18 09:03:44 +0000",
      "frozen_tundra": "2024-07-18 07:32:16 +0000",
      "frozen_pine_taiga": "2024-07-18 07:32:04 +0000",
      "maple_forest": "2024-07-18 07:39:20 +0000",
      "boreal_forest": "2024-07-18 07:38:57 +0000"
    },
    "done": false
  },
  "minecraft:recipes/woodcutting/dark_oak/chest_from_dark_oak_planks_woodcutting": {
    "criteria": {
      "give_recipe": "2024-07-18 07:58:53 +0000"
    },
    "done": true
  },
  "ancient_manuscripts:items/birch_binding_table": {
    "criteria": {
      "has_recipe": "2024-07-16 10:42:33 +0000"
    },
    "done": true
  },
  "minecraft:recipes/woodcutting/spruce/chest_from_spruce_slab_woodcutting": {
    "criteria": {
      "give_recipe": "2024-07-18 06:51:24 +0000"
    },
    "done": true
  },
  "ancient_manuscripts:items/enchanted_book_glue": {
    "criteria": {
      "has_recipe": "2024-07-16 10:42:33 +0000"
    },
    "done": true
  },
  "dnl:util/entity_hit_matching/using_shield": {
    "criteria": {
      "requirement": "2024-07-18 09:12:12 +0000"
    },
    "done": true
  },
  "ancient_manuscripts:items/empty_glue_bottle": {
    "criteria": {
      "has_recipe": "2024-07-16 10:42:33 +0000"
    },
    "done": true
  },
  "dungeons_enhanced:ambitious_explorer": {
    "criteria": {
      "entered_castle": "2024-07-18 07:39:02 +0000",
      "entered_watch_tower": "2024-07-18 07:35:33 +0000",
      "entered_ruined_building": "2024-07-18 07:27:10 +0000"
    },
    "done": false
  },
  "minecraft:recipes/woodcutting/spruce/spruce_button_from_spruce_planks_woodcutting": {
    "criteria": {
      "give_recipe": "2024-07-16 10:44:26 +0000"
    },
    "done": true
  },
  "minecraft:recipes/woodcutting/dark_oak/dark_oak_slab_from_dark_oak_stairs_woodcutting_combine": {
    "criteria": {
      "give_recipe": "2024-07-18 07:59:55 +0000",
      "has_block": "2024-07-18 07:59:55 +0000"
    },
    "done": true
  },
  "biomancy:biomancy/predator_killer": {
    "criteria": {
      "has_killed_fangs_mob": "2024-07-18 06:39:56 +0000",
      "has_killed_claws_mob": "2024-07-18 06:39:56 +0000"
    },
    "done": false
  },
  "minecraft:recipes/woodcutting/spruce/spruce_planks_from_spruce_stairs_woodcutting": {
    "criteria": {
      "give_recipe": "2024-07-18 06:51:59 +0000"
    },
    "done": true
  },
  "betterdungeons:root": {
    "criteria": {
      "always": "2024-07-16 10:42:33 +0000"
    },
    "done": true
  },
  "minecraft:nether/get_wither_skull": {
    "criteria": {
      "wither_skull": "2024-07-18 06:43:17 +0000"
    },
    "done": true
  },
  "spore:spore": {
    "criteria": {
      "requirement": "2024-07-18 07:23:58 +0000"
    },
    "done": true
  },
  "dnl:entity/guardian_ghast/hurt": {
    "criteria": {
      "not_projectile": "2024-07-18 06:00:26 +0000",
      "by_arrow": "2024-07-18 07:44:03 +0000"
    },
    "done": false
  },
  "minecraft:recipes/woodcutting/birch/birch_door_from_birch_planks_woodcutting": {
    "criteria": {
      "give_recipe": "2024-07-18 07:27:52 +0000"
    },
    "done": true
  },
  "minecraft:adventure/kill_a_mob": {
    "criteria": {
      "minecraft:creeper": "2024-07-18 06:54:57 +0000"
    },
    "done": true
  },
  "minecraft:recipes/woodcutting/dark_oak/crafting_table_from_dark_oak_planks_woodcutting": {
    "criteria": {
      "give_recipe": "2024-07-18 07:58:53 +0000"
    },
    "done": true
  },
  "minecraft:story/obtain_armor": {
    "criteria": {
      "iron_helmet": "2024-07-18 07:22:42 +0000"
    },
    "done": true
  },
  "dungeons_enhanced:wars_and_kingdoms": {
    "criteria": {
      "entered_castle": "2024-07-18 07:39:02 +0000"
    },
    "done": true
  },
  "minecraft:recipes/woodcutting/spruce/spruce_sign_from_spruce_planks_woodcutting": {
    "criteria": {
      "give_recipe": "2024-07-16 10:44:26 +0000"
    },
    "done": true
  },
  "minecraft:recipes/woodcutting/dark_oak/dark_oak_planks_from_dark_oak_slab_woodcutting": {
    "criteria": {
      "give_recipe": "2024-07-18 07:00:25 +0000"
    },
    "done": true
  },
  "regions_unexplored:parent": {
    "criteria": {
      "load_in_world": "2024-07-16 10:42:34 +0000"
    },
    "done": true
  },
  "minecraft:story/mine_stone": {
    "criteria": {
      "get_stone": "2024-07-16 10:49:25 +0000"
    },
    "done": true
  },
  "undead_unleashed:shards_of_the_past": {
    "criteria": {
      "shards_of_the_past": "2024-07-18 06:36:36 +0000"
    },
    "done": true
  },
  "minecraft:recipes/woodcutting/jungle/jungle_slab_from_jungle_stairs_woodcutting_combine": {
    "criteria": {
      "give_recipe": "2024-07-18 07:20:34 +0000",
      "has_block": "2024-07-18 07:20:34 +0000"
    },
    "done": true
  },
  "minecraft:adventure/adventuring_time": {
    "criteria": {
      "minecraft:taiga": "2024-07-18 07:38:34 +0000",
      "minecraft:frozen_river": "2024-07-16 10:45:46 +0000",
      "minecraft:snowy_plains": "2024-07-16 10:46:12 +0000",
      "minecraft:snowy_taiga": "2024-07-16 10:42:34 +0000",
      "minecraft:swamp": "2024-07-18 09:03:47 +0000",
      "minecraft:forest": "2024-07-18 09:07:45 +0000",
      "minecraft:ice_spikes": "2024-07-18 07:31:54 +0000",
      "minecraft:snowy_beach": "2024-07-18 06:00:32 +0000",
      "minecraft:plains": "2024-07-18 09:07:47 +0000"
    },
    "done": false
  },
  "undead_unleashed:undead_unleashed": {
    "criteria": {
      "undead_unleashed": "2024-07-16 10:42:33 +0000"
    },
    "done": true
  },
  "minecraft:recipes/woodcutting/spruce/spruce_button_from_spruce_slab_woodcutting": {
    "criteria": {
      "give_recipe": "2024-07-18 06:51:24 +0000"
    },
    "done": true
  },
  "minecraft:recipes/woodcutting/spruce/barrel_from_spruce_planks_woodcutting": {
    "criteria": {
      "give_recipe": "2024-07-16 10:44:26 +0000"
    },
    "done": true
  },
  "minecraft:story/lava_bucket": {
    "criteria": {
      "lava_bucket": "2024-07-18 07:32:53 +0000"
    },
    "done": true
  },
  "minecraft:recipes/woodcutting/spruce/spruce_fence_gate_from_spruce_planks_woodcutting": {
    "criteria": {
      "give_recipe": "2024-07-16 10:44:26 +0000"
    },
    "done": true
  },
  "minecraft:husbandry/root": {
    "criteria": {
      "consumed_item": "2024-07-18 06:32:01 +0000"
    },
    "done": true
  },
  "minecraft:recipes/woodcutting/spruce/spruce_boat_from_spruce_slab_woodcutting": {
    "criteria": {
      "give_recipe": "2024-07-18 06:51:24 +0000"
    },
    "done": true
  },
  "minecraft:recipes/woodcutting/spruce/spruce_door_from_spruce_slab_woodcutting": {
    "criteria": {
      "give_recipe": "2024-07-18 06:51:24 +0000"
    },
    "done": true
  },
  "minecraft:recipes/woodcutting/birch/birch_chest_boat_from_birch_planks_woodcutting": {
    "criteria": {
      "give_recipe": "2024-07-18 07:27:52 +0000"
    },
    "done": true
  },
  "minecraft:recipes/woodcutting/spruce/spruce_trapdoor_from_spruce_planks_woodcutting": {
    "criteria": {
      "give_recipe": "2024-07-16 10:44:26 +0000"
    },
    "done": true
  },
  "minecraft:recipes/woodcutting/spruce/spruce_fence_gate_from_spruce_slab_woodcutting": {
    "criteria": {
      "give_recipe": "2024-07-18 06:51:24 +0000"
    },
    "done": true
  },
  "minecraft:recipes/woodcutting/dark_oak/dark_oak_door_from_dark_oak_slab_woodcutting": {
    "criteria": {
      "give_recipe": "2024-07-18 07:00:25 +0000"
    },
    "done": true
  },
  "minecraft:recipes/woodcutting/spruce/spruce_planks_from_spruce_slab_woodcutting": {
    "criteria": {
      "give_recipe": "2024-07-18 06:51:24 +0000"
    },
    "done": true
  },
  "minecraft:adventure/root": {
    "criteria": {
      "killed_by_something": "2024-07-18 06:00:29 +0000"
    },
    "done": true
  },
  "minecraft:recipes/woodcutting/oak/oak_pressure_plate_from_oak_planks_woodcutting": {
    "criteria": {
      "give_recipe": "2024-07-18 09:10:51 +0000"
    },
    "done": true
  },
  "ancient_manuscripts:items/crimson_binding_table": {
    "criteria": {
      "has_recipe": "2024-07-16 10:42:33 +0000"
    },
    "done": true
  },
  "minecraft:recipes/woodcutting/oak/chest_from_oak_planks_woodcutting": {
    "criteria": {
      "give_recipe": "2024-07-18 09:10:51 +0000"
    },
    "done": true
  },
  "minecraft:adventure/shoot_arrow": {
    "criteria": {
      "shot_arrow": "2024-07-18 07:44:03 +0000"
    },
    "done": true
  },
  "minecraft:recipes/woodcutting/spruce/spruce_chest_boat_from_spruce_planks_woodcutting": {
    "criteria": {
      "give_recipe": "2024-07-16 10:44:26 +0000"
    },
    "done": true
  },
  "dungeons_enhanced:seven_world_wonders": {
    "criteria": {
      "entered_castle": "2024-07-18 07:39:02 +0000"
    },
    "done": false
  },
  "minecraft:recipes/woodcutting/spruce/spruce_slab_from_spruce_planks_woodcutting": {
    "criteria": {
      "give_recipe": "2024-07-16 10:44:26 +0000"
    },
    "done": true
  },
  "graveyard:graveyard/kill_graveyard_mob": {
    "criteria": {
      "revenant": "2024-07-18 07:11:14 +0000"
    },
    "done": true
  },
  "minecraft:recipes/woodcutting/oak/oak_door_from_oak_planks_woodcutting": {
    "criteria": {
      "give_recipe": "2024-07-18 09:10:51 +0000"
    },
    "done": true
  },
  "minecraft:recipes/woodcutting/oak/oak_fence_from_oak_planks_woodcutting": {
    "criteria": {
      "give_recipe": "2024-07-18 09:10:51 +0000"
    },
    "done": true
  },
  "ancient_manuscripts:items/spruce_binding_table": {
    "criteria": {
      "has_recipe": "2024-07-16 10:42:33 +0000"
    },
    "done": true
  },
  "minecraft:adventure/kill_all_mobs": {
    "criteria": {
      "minecraft:skeleton": "2024-07-18 07:28:38 +0000",
      "minecraft:spider": "2024-07-18 07:04:24 +0000",
      "minecraft:creeper": "2024-07-18 06:54:57 +0000",
      "minecraft:silverfish": "2024-07-18 08:19:59 +0000",
      "minecraft:zombie": "2024-07-18 07:40:44 +0000"
    },
    "done": false
  },
  "graveyard:graveyard/dead_tree": {
    "criteria": {
      "dead_tree": "2024-07-18 07:38:37 +0000"
    },
    "done": true
  },
  "minecraft:recipes/woodcutting/spruce/spruce_trapdoor_from_spruce_slab_woodcutting": {
    "criteria": {
      "give_recipe": "2024-07-18 06:51:24 +0000"
    },
    "done": true
  },
  "minecraft:recipes/woodcutting/spruce/spruce_pressure_plate_from_spruce_planks_woodcutting": {
    "criteria": {
      "give_recipe": "2024-07-16 10:44:26 +0000"
    },
    "done": true
  },
  "minecraft:recipes/woodcutting/dark_oak/dark_oak_chest_boat_from_dark_oak_planks_woodcutting": {
    "criteria": {
      "give_recipe": "2024-07-18 07:58:53 +0000"
    },
    "done": true
  },
  "minecraft:recipes/woodcutting/oak/barrel_from_oak_planks_woodcutting": {
    "criteria": {
      "give_recipe": "2024-07-18 09:10:51 +0000"
    },
    "done": true
  },
  "minecraft:recipes/woodcutting/birch/birch_fence_gate_from_birch_planks_woodcutting": {
    "criteria": {
      "give_recipe": "2024-07-18 07:27:52 +0000"
    },
    "done": true
  },
  "minecraft:recipes/woodcutting/dark_oak/dark_oak_fence_from_dark_oak_planks_woodcutting": {
    "criteria": {
      "give_recipe": "2024-07-18 07:58:53 +0000"
    },
    "done": true
  },
  "minecraft:recipes/woodcutting/oak/oak_chest_boat_from_oak_planks_woodcutting": {
    "criteria": {
      "give_recipe": "2024-07-18 09:10:51 +0000"
    },
    "done": true
  },
  "minecraft:recipes/woodcutting/dark_oak/dark_oak_pressure_plate_from_dark_oak_slab_woodcutting": {
    "criteria": {
      "give_recipe": "2024-07-18 07:00:25 +0000"
    },
    "done": true
  },
  "minecraft:recipes/woodcutting/spruce/spruce_pressure_plate_from_spruce_slab_woodcutting": {
    "criteria": {
      "give_recipe": "2024-07-18 06:51:24 +0000"
    },
    "done": true
  },
  "minecraft:recipes/woodcutting/spruce/spruce_sign_from_spruce_slab_woodcutting": {
    "criteria": {
      "give_recipe": "2024-07-18 06:51:24 +0000"
    },
    "done": true
  },
  "minecraft:recipes/woodcutting/jungle/jungle_planks_from_jungle_stairs_woodcutting": {
    "criteria": {
      "give_recipe": "2024-07-18 07:20:34 +0000"
    },
    "done": true
  },
  "minecraft:recipes/woodcutting/birch/chest_from_birch_planks_woodcutting": {
    "criteria": {
      "give_recipe": "2024-07-18 07:27:52 +0000"
    },
    "done": true
  },
  "betterdeserttemples:root": {
    "criteria": {
      "always": "2024-07-16 10:42:33 +0000"
    },
    "done": true
  },
  "naturescompass:natures_compass_log": {
    "criteria": {
      "has_recipe": "2024-07-16 10:42:33 +0000"
    },
    "done": true
  },
  "ancient_manuscripts:items/warped_binding_table": {
    "criteria": {
      "has_recipe": "2024-07-16 10:42:33 +0000"
    },
    "done": true
  },
  "minecraft:recipes/woodcutting/dark_oak/dark_oak_fence_gate_from_dark_oak_slab_woodcutting": {
    "criteria": {
      "give_recipe": "2024-07-18 07:00:25 +0000"
    },
    "done": true
  },
  "minecraft:story/mine_diamond": {
    "criteria": {
      "diamond": "2024-07-18 07:46:44 +0000"
    },
    "done": true
  },
  "minecraft:recipes/woodcutting/dark_oak/dark_oak_trapdoor_from_dark_oak_planks_woodcutting": {
    "criteria": {
      "give_recipe": "2024-07-18 07:58:53 +0000"
    },
    "done": true
  },
  "minecraft:story/upgrade_tools": {
    "criteria": {
      "stone_pickaxe": "2024-07-18 06:21:55 +0000"
    },
    "done": true
  },
  "minecraft:recipes/woodcutting/dark_oak/dark_oak_door_from_dark_oak_planks_woodcutting": {
    "criteria": {
      "give_recipe": "2024-07-18 07:58:53 +0000"
    },
    "done": true
  },
  "minecraft:story/smelt_iron": {
    "criteria": {
      "iron": "2024-07-18 07:14:20 +0000"
    },
    "done": true
  },
  "minecraft:recipes/woodcutting/dark_oak/dark_oak_pressure_plate_from_dark_oak_planks_woodcutting": {
    "criteria": {
      "give_recipe": "2024-07-18 07:58:53 +0000"
    },
    "done": true
  },
  "minecraft:recipes/woodcutting/birch/birch_boat_from_birch_planks_woodcutting": {
    "criteria": {
      "give_recipe": "2024-07-18 07:27:52 +0000"
    },
    "done": true
  },
  "minecraft:recipes/woodcutting/dark_oak/dark_oak_stairs_from_dark_oak_planks_woodcutting": {
    "criteria": {
      "give_recipe": "2024-07-18 07:58:53 +0000"
    },
    "done": true
  },
  "minecraft:recipes/woodcutting/oak/oak_button_from_oak_planks_woodcutting": {
    "criteria": {
      "give_recipe": "2024-07-18 09:10:51 +0000"
    },
    "done": true
  },
  "minecraft:recipes/woodcutting/spruce/crafting_table_from_spruce_slab_woodcutting": {
    "criteria": {
      "give_recipe": "2024-07-18 06:51:24 +0000"
    },
    "done": true
  },
  "minecraft:recipes/woodcutting/birch/crafting_table_from_birch_planks_woodcutting": {
    "criteria": {
      "give_recipe": "2024-07-18 07:27:52 +0000"
    },
    "done": true
  },
  "repurposed_structures:root": {
    "criteria": {
      "always": "2024-07-16 10:42:33 +0000"
    },
    "done": true
  },
  "DataVersion": 3120
}