{
  "minecraft:recipes/woodcutting/spruce/spruce_slab_from_spruce_planks_woodcutting": {
    "criteria": {
      "give_recipe": "2024-07-16 10:41:55 +0000"
    },
    "done": true
  },
  "betterdungeons:root": {
    "criteria": {
      "always": "2024-07-16 08:35:29 +0000"
    },
    "done": true
  },
  "ancient_manuscripts:items/acacia_binding_table": {
    "criteria": {
      "has_recipe": "2024-07-16 08:35:29 +0000"
    },
    "done": true
  },
  "ancient_manuscripts:items/jungle_binding_table": {
    "criteria": {
      "has_recipe": "2024-07-16 08:35:29 +0000"
    },
    "done": true
  },
  "ancient_manuscripts:items/spruce_binding_table": {
    "criteria": {
      "has_recipe": "2024-07-16 08:35:29 +0000"
    },
    "done": true
  },
  "cataclysm:root": {
    "criteria": {
      "custom_test_name": "2024-07-16 08:35:29 +0000"
    },
    "done": true
  },
  "minecraft:recipes/woodcutting/spruce/crafting_table_from_spruce_planks_woodcutting": {
    "criteria": {
      "give_recipe": "2024-07-16 10:41:55 +0000"
    },
    "done": true
  },
  "naturescompass:natures_compass": {
    "criteria": {
      "has_recipe": "2024-07-16 08:35:29 +0000"
    },
    "done": true
  },
  "minecraft:recipes/woodcutting/spruce/spruce_pressure_plate_from_spruce_planks_woodcutting": {
    "criteria": {
      "give_recipe": "2024-07-16 10:41:55 +0000"
    },
    "done": true
  },
  "minecraft:recipes/woodcutting/spruce/spruce_door_from_spruce_planks_woodcutting": {
    "criteria": {
      "give_recipe": "2024-07-16 10:41:55 +0000"
    },
    "done": true
  },
  "minecraft:recipes/woodcutting/spruce/spruce_planks_from_spruce_log_woodcutting": {
    "criteria": {
      "give_recipe": "2024-07-16 10:41:34 +0000"
    },
    "done": true
  },
  "minecraft:recipes/woodcutting/spruce/spruce_sign_from_spruce_planks_woodcutting": {
    "criteria": {
      "give_recipe": "2024-07-16 10:41:55 +0000"
    },
    "done": true
  },
  "minecraft:husbandry/balanced_diet": {
    "criteria": {
      "bread": "2024-07-16 10:47:48 +0000"
    },
    "done": false
  },
  "regions_unexplored:parent": {
    "criteria": {
      "load_in_world": "2024-07-16 08:35:30 +0000"
    },
    "done": true
  },
  "minecraft:story/mine_stone": {
    "criteria": {
      "get_stone": "2024-07-16 10:42:14 +0000"
    },
    "done": true
  },
  "endofherobrine:story/root": {
    "criteria": {
      "requirement": "2024-07-16 08:36:10 +0000"
    },
    "done": true
  },
  "minecraft:adventure/adventuring_time": {
    "criteria": {
      "minecraft:snowy_plains": "2024-07-16 08:36:09 +0000",
      "minecraft:snowy_taiga": "2024-07-16 08:35:30 +0000"
    },
    "done": false
  },
  "undead_unleashed:undead_unleashed": {
    "criteria": {
      "undead_unleashed": "2024-07-16 08:35:28 +0000"
    },
    "done": true
  },
  "minecraft:recipes/woodcutting/spruce/barrel_from_spruce_planks_woodcutting": {
    "criteria": {
      "give_recipe": "2024-07-16 10:41:55 +0000"
    },
    "done": true
  },
  "betterdeserttemples:root": {
    "criteria": {
      "always": "2024-07-16 08:35:29 +0000"
    },
    "done": true
  },
  "minecraft:recipes/woodcutting/spruce/spruce_boat_from_spruce_planks_woodcutting": {
    "criteria": {
      "give_recipe": "2024-07-16 10:41:55 +0000"
    },
    "done": true
  },
  "minecraft:recipes/woodcutting/spruce/spruce_fence_gate_from_spruce_planks_woodcutting": {
    "criteria": {
      "give_recipe": "2024-07-16 10:41:55 +0000"
    },
    "done": true
  },
  "aquamirae:adventure/root": {
    "criteria": {
      "crafting_table": "2024-07-16 10:42:00 +0000"
    },
    "done": true
  },
  "minecraft:story/iron_tools": {
    "criteria": {
      "iron_pickaxe": "2024-07-16 10:47:42 +0000"
    },
    "done": true
  },
  "minecraft:husbandry/root": {
    "criteria": {
      "consumed_item": "2024-07-16 10:47:48 +0000"
    },
    "done": true
  },
  "naturescompass:natures_compass_log": {
    "criteria": {
      "has_recipe": "2024-07-16 08:35:29 +0000"
    },
    "done": true
  },
  "minecraft:recipes/woodcutting/spruce/spruce_stairs_from_spruce_planks_woodcutting": {
    "criteria": {
      "give_recipe": "2024-07-16 10:41:55 +0000"
    },
    "done": true
  },
  "ancient_manuscripts:items/warped_binding_table": {
    "criteria": {
      "has_recipe": "2024-07-16 08:35:29 +0000"
    },
    "done": true
  },
  "minecraft:recipes/woodcutting/spruce/chest_from_spruce_planks_woodcutting": {
    "criteria": {
      "give_recipe": "2024-07-16 10:41:55 +0000"
    },
    "done": true
  },
  "naturescompass:natures_compass_sapling": {
    "criteria": {
      "has_recipe": "2024-07-16 08:35:29 +0000"
    },
    "done": true
  },
  "minecraft:recipes/woodcutting/spruce/spruce_trapdoor_from_spruce_planks_woodcutting": {
    "criteria": {
      "give_recipe": "2024-07-16 10:41:55 +0000"
    },
    "done": true
  },
  "minecraft:story/upgrade_tools": {
    "criteria": {
      "stone_pickaxe": "2024-07-16 10:42:33 +0000"
    },
    "done": true
  },
  "ancient_manuscripts:items/dark_oak_binding_table": {
    "criteria": {
      "has_recipe": "2024-07-16 08:35:29 +0000"
    },
    "done": true
  },
  "ancient_manuscripts:items/oak_binding_table": {
    "criteria": {
      "has_recipe": "2024-07-16 08:35:29 +0000"
    },
    "done": true
  },
  "minecraft:story/root": {
    "criteria": {
      "crafting_table": "2024-07-16 10:42:00 +0000"
    },
    "done": true
  },
  "ancient_manuscripts:items/birch_binding_table": {
    "criteria": {
      "has_recipe": "2024-07-16 08:35:29 +0000"
    },
    "done": true
  },
  "minecraft:story/smelt_iron": {
    "criteria": {
      "iron": "2024-07-16 10:47:40 +0000"
    },
    "done": true
  },
  "ancient_manuscripts:items/enchanted_book_glue": {
    "criteria": {
      "has_recipe": "2024-07-16 08:35:29 +0000"
    },
    "done": true
  },
  "ancient_manuscripts:items/empty_glue_bottle": {
    "criteria": {
      "has_recipe": "2024-07-16 08:35:29 +0000"
    },
    "done": true
  },
  "minecraft:recipes/woodcutting/spruce/spruce_button_from_spruce_planks_woodcutting": {
    "criteria": {
      "give_recipe": "2024-07-16 10:41:55 +0000"
    },
    "done": true
  },
  "ancient_manuscripts:items/mangrove_binding_table": {
    "criteria": {
      "has_recipe": "2024-07-16 08:35:29 +0000"
    },
    "done": true
  },
  "ancient_manuscripts:items/crimson_binding_table": {
    "criteria": {
      "has_recipe": "2024-07-16 08:35:29 +0000"
    },
    "done": true
  },
  "minecraft:recipes/woodcutting/spruce/spruce_chest_boat_from_spruce_planks_woodcutting": {
    "criteria": {
      "give_recipe": "2024-07-16 10:41:55 +0000"
    },
    "done": true
  },
  "repurposed_structures:root": {
    "criteria": {
      "always": "2024-07-16 08:35:29 +0000"
    },
    "done": true
  },
  "minecraft:recipes/woodcutting/spruce/spruce_fence_from_spruce_planks_woodcutting": {
    "criteria": {
      "give_recipe": "2024-07-16 10:41:55 +0000"
    },
    "done": true
  },
  "DataVersion": 3120
}